ad_observation_id,depth,temperature,density,salinity,ao_observation_id,latitude,longitude,date,region
53548_01/01/2001,857.6,5.323,1027.348022,34.635,53548_01/01/2001,-15.252,114.304,2001-01-01,Indian Ocean
53553_03/01/2001,558.2,7.994,1026.98999,34.637,53553_03/01/2001,-14.046,107.97,2001-01-03,Indian Ocean
69008_03/01/2001,585.3,21.54,1028.598022,40.58,69008_03/01/2001,18.18,39.59,2001-01-03,Indian Ocean
69007_03/01/2001,299.1,21.52,1028.535034,40.49,69007_03/01/2001,24.9,35.01,2001-01-03,Indian Ocean
56508_04/01/2001,678.1,6.792,1027.147949,34.62,56508_04/01/2001,-15.329,118.507,2001-01-04,Indian Ocean
53554_05/01/2001,338.7,10.579,1026.578003,34.649,53554_05/01/2001,-12.592,107.575,2001-01-05,Indian Ocean
56501_05/01/2001,18.6,23.354,1023.866028,35.044,56501_05/01/2001,-23.162,110.352,2001-01-05,Indian Ocean
53555_06/01/2001,127.6,22.669,1023.53302,34.345,53555_06/01/2001,-11.256,112.566,2001-01-06,Indian Ocean
53546_07/01/2001,2103.9,2.295,1027.719971,34.716,53546_07/01/2001,-14.158,120.41,2001-01-07,Indian Ocean
56510_08/01/2001,2148.6,2.278,1027.72998,34.727,56510_08/01/2001,-16.285,108.783,2001-01-08,Indian Ocean
69008_08/01/2001,5.0,27.8,1024.932007,38.28,69008_08/01/2001,18.19,39.58,2001-01-08,Indian Ocean
69007_08/01/2001,239.7,21.62,1028.499023,40.48,69007_08/01/2001,24.86,35.01,2001-01-08,Indian Ocean
56509_08/01/2001,1697.7,2.883,1027.649048,34.691,56509_08/01/2001,-20.997,107.808,2001-01-08,Indian Ocean
53547_10/01/2001,1997.3,2.596,1027.71106,34.737,53547_10/01/2001,-7.419,101.661,2001-01-10,Equatorial Region
53548_11/01/2001,88.9,23.436,1023.578003,34.695,53548_11/01/2001,-14.745,114.347,2001-01-11,Indian Ocean
53553_13/01/2001,179.4,19.35,1024.769043,34.786,53553_13/01/2001,-14.025,107.988,2001-01-13,Indian Ocean
69008_13/01/2001,599.5,21.54,1028.598022,40.58,69008_13/01/2001,18.11,39.63,2001-01-13,Indian Ocean
56508_14/01/2001,1697.4,2.937,1027.651978,34.701,56508_14/01/2001,-15.087,118.744,2001-01-14,Indian Ocean
53554_15/01/2001,1198.1,4.412,1027.453003,34.636,53554_15/01/2001,-12.651,107.521,2001-01-15,Indian Ocean
56501_15/01/2001,19.3,23.732,1023.708008,34.981,56501_15/01/2001,-23.332,110.326,2001-01-15,Indian Ocean
53555_16/01/2001,998.8,5.407,1027.334961,34.631,53555_16/01/2001,-11.331,112.586,2001-01-16,Indian Ocean
53546_17/01/2001,618.9,7.183,1027.072021,34.592,53546_17/01/2001,-14.193,120.274,2001-01-17,Indian Ocean
56510_18/01/2001,797.2,5.931,1027.286011,34.651,56510_18/01/2001,-16.472,108.626,2001-01-18,Indian Ocean
69008_18/01/2001,249.6,21.68,1028.526978,40.54,69008_18/01/2001,18.05,39.65,2001-01-18,Indian Ocean
56509_18/01/2001,438.8,10.679,1026.750977,34.894,56509_18/01/2001,-20.943,107.714,2001-01-18,Indian Ocean
53547_20/01/2001,737.1,7.162,1027.198975,34.75,53547_20/01/2001,-7.356,101.859,2001-01-20,Equatorial Region
53548_21/01/2001,158.0,18.478,1024.905029,34.674,53548_21/01/2001,-14.166,114.299,2001-01-21,Indian Ocean
53553_23/01/2001,918.6,5.348,1027.338989,34.627,53553_23/01/2001,-14.01,108.151,2001-01-23,Indian Ocean
69008_23/01/2001,99.6,24.09,1027.255005,39.8,69008_23/01/2001,17.95,39.69,2001-01-23,Indian Ocean
56508_24/01/2001,1097.0,4.713,1027.405029,34.618,56508_24/01/2001,-15.355,118.754,2001-01-24,Indian Ocean
56501_24/01/2001,857.3,5.55,1027.291016,34.597,56501_24/01/2001,-23.418,110.222,2001-01-24,Indian Ocean
53554_25/01/2001,258.7,12.67,1026.23999,34.717,53554_25/01/2001,-12.834,107.426,2001-01-25,Indian Ocean
53555_26/01/2001,678.5,7.184,1027.130005,34.666,53555_26/01/2001,-10.766,112.496,2001-01-26,Indian Ocean
53546_27/01/2001,438.3,9.156,1026.82605,34.659,53546_27/01/2001,-14.168,120.305,2001-01-27,Indian Ocean
56509_28/01/2001,237.8,17.002,1026.088013,35.746,56509_28/01/2001,-20.875,107.587,2001-01-28,Indian Ocean
69008_28/01/2001,6.0,26.2,1025.214966,37.97,69008_28/01/2001,17.81,39.75,2001-01-28,Indian Ocean
56510_29/01/2001,498.1,8.361,1026.925049,34.625,56510_29/01/2001,-16.414,108.577,2001-01-29,Indian Ocean
53547_30/01/2001,59.0,28.594,1021.447021,33.995,53547_30/01/2001,-7.25,102.119,2001-01-30,Equatorial Region
53548_31/01/2001,437.4,8.907,1026.969971,34.791,53548_31/01/2001,-13.689,114.073,2001-01-31,Indian Ocean
53553_02/02/2001,798.4,6.121,1027.250977,34.638,53553_02/02/2001,-14.076,108.264,2001-02-02,Indian Ocean
69008_02/02/2001,5.0,26.91,1025.334961,38.43,69008_02/02/2001,17.77,39.74,2001-02-02,Indian Ocean
56508_03/02/2001,278.6,14.068,1026.162964,34.986,56508_03/02/2001,-15.552,118.517,2001-02-03,Indian Ocean
56501_04/02/2001,1997.7,2.422,1027.708008,34.714,56501_04/02/2001,-23.462,110.054,2001-02-04,Indian Ocean
53554_04/02/2001,299.2,11.752,1026.488037,34.809,53554_04/02/2001,-12.987,107.455,2001-02-04,Indian Ocean
53555_05/02/2001,1498.6,3.334,1027.608032,34.692,53555_05/02/2001,-10.433,112.333,2001-02-05,Indian Ocean
53546_06/02/2001,1998.7,2.442,1027.706055,34.714,53546_06/02/2001,-14.161,120.222,2001-02-06,Indian Ocean
69008_07/02/2001,99.6,23.5,1027.713989,40.17,69008_07/02/2001,17.78,39.77,2001-02-07,Indian Ocean
56509_07/02/2001,317.6,13.319,1026.572998,35.315,56509_07/02/2001,-21.024,107.559,2001-02-07,Indian Ocean
56510_08/02/2001,6.1,27.385,1021.898987,34.074,56510_08/02/2001,-16.354,108.427,2001-02-08,Indian Ocean
53547_09/02/2001,2189.3,2.491,1027.718994,34.735,53547_09/02/2001,-7.102,102.38,2001-02-09,Equatorial Region
53548_10/02/2001,338.3,11.137,1026.75,34.999,53548_10/02/2001,-13.457,114.041,2001-02-10,Indian Ocean
53553_12/02/2001,618.8,6.953,1027.142944,34.641,53553_12/02/2001,-14.146,108.395,2001-02-12,Indian Ocean
69008_12/02/2001,29.2,26.53,1025.525024,38.52,69008_12/02/2001,17.77,39.79,2001-02-12,Indian Ocean
56508_13/02/2001,677.3,6.946,1027.128052,34.621,56508_13/02/2001,-15.924,118.215,2001-02-13,Indian Ocean
56501_14/02/2001,677.8,7.135,1027.012939,34.508,56501_14/02/2001,-23.369,109.743,2001-02-14,Indian Ocean
53554_14/02/2001,298.8,12.576,1026.255981,34.714,53554_14/02/2001,-13.074,107.68,2001-02-14,Indian Ocean
53555_15/02/2001,338.7,10.188,1026.634033,34.633,53555_15/02/2001,-10.457,112.184,2001-02-15,Indian Ocean
53546_16/02/2001,158.0,21.159,1024.064941,34.492,53546_16/02/2001,-14.335,119.96,2001-02-16,Indian Ocean
56510_17/02/2001,1998.1,2.508,1027.706055,34.721,56510_17/02/2001,-16.323,108.276,2001-02-17,Indian Ocean
56509_17/02/2001,1890.8,2.447,1027.704956,34.713,56509_17/02/2001,-21.158,107.673,2001-02-17,Indian Ocean
69008_17/02/2001,374.6,21.54,1028.620972,40.61,69008_17/02/2001,17.79,39.85,2001-02-17,Indian Ocean
53547_19/02/2001,398.4,9.454,1026.796021,34.682,53547_19/02/2001,-6.961,102.611,2001-02-19,Equatorial Region
53548_20/02/2001,798.4,5.775,1027.573975,34.99,53548_20/02/2001,-13.754,114.271,2001-02-20,Indian Ocean
53553_22/02/2001,478.6,8.729,1026.895996,34.661,53553_22/02/2001,-14.009,108.523,2001-02-22,Indian Ocean
69008_22/02/2001,174.1,21.83,1028.453979,40.5,69008_22/02/2001,17.79,39.82,2001-02-22,Indian Ocean
56508_23/02/2001,2122.2,2.365,1027.723022,34.727,56508_23/02/2001,-16.259,118.161,2001-02-23,Indian Ocean
53554_24/02/2001,918.6,5.352,1027.328979,34.615,53554_24/02/2001,-13.004,107.814,2001-02-24,Indian Ocean
56501_24/02/2001,438.8,10.613,1026.750977,34.879,56501_24/02/2001,-23.325,109.405,2001-02-24,Indian Ocean
53555_25/02/2001,379.2,9.854,1026.694946,34.639,53555_25/02/2001,-10.723,112.275,2001-02-25,Indian Ocean
53546_26/02/2001,152.7,20.818,1024.152954,34.486,53546_26/02/2001,-14.174,120.12,2001-02-26,Indian Ocean
69008_27/02/2001,9.1,26.36,1025.291992,38.14,69008_27/02/2001,17.79,39.79,2001-02-27,Indian Ocean
56510_27/02/2001,18.9,27.057,1022.453979,34.671,56510_27/02/2001,-16.449,108.127,2001-02-27,Indian Ocean
56509_27/02/2001,298.5,13.591,1026.550049,35.358,56509_27/02/2001,-21.246,107.877,2001-02-27,Indian Ocean
53547_01/03/2001,157.6,14.605,1025.682007,34.512,53547_01/03/2001,-6.768,102.802,2001-03-01,Equatorial Region
53548_02/03/2001,478.6,8.187,1027.394043,35.189,53548_02/03/2001,-14.083,114.168,2001-03-02,Indian Ocean
69008_04/03/2001,517.7,21.53,1028.630981,40.62,69008_04/03/2001,17.82,39.76,2001-03-04,Indian Ocean
53553_04/03/2001,159.6,18.226,1025.057983,34.792,53553_04/03/2001,-13.998,108.554,2001-03-04,Indian Ocean
56508_05/03/2001,1798.2,2.874,1027.661987,34.706,56508_05/03/2001,-15.898,118.405,2001-03-05,Indian Ocean
53554_06/03/2001,738.7,6.235,1027.222046,34.619,53554_06/03/2001,-12.779,107.986,2001-03-06,Indian Ocean
56501_06/03/2001,1998.2,2.356,1027.714966,34.716,56501_06/03/2001,-23.054,109.036,2001-03-06,Indian Ocean
53555_07/03/2001,398.7,9.493,1026.714966,34.587,53555_07/03/2001,-10.951,112.312,2001-03-07,Indian Ocean
53546_08/03/2001,1798.0,2.796,1027.66394,34.7,53546_08/03/2001,-14.074,120.179,2001-03-08,Indian Ocean
56509_09/03/2001,217.9,17.75,1025.962036,35.818,56509_09/03/2001,-21.478,108.067,2001-03-09,Indian Ocean
69008_09/03/2001,19.1,26.32,1025.124023,37.9,69008_09/03/2001,17.83,39.76,2001-03-09,Indian Ocean
56510_09/03/2001,18.9,27.405,1022.351013,34.682,56510_09/03/2001,-16.511,107.796,2001-03-09,Indian Ocean
53547_11/03/2001,11.4,28.554,1021.523987,34.081,53547_11/03/2001,-6.711,103.14,2001-03-11,Equatorial Region
53548_12/03/2001,198.1,15.012,1026.265015,35.382,53548_12/03/2001,-14.307,113.874,2001-03-12,Indian Ocean
53553_14/03/2001,859.0,5.733,1027.291992,34.628,53553_14/03/2001,-13.976,108.489,2001-03-14,Indian Ocean
69008_14/03/2001,39.2,25.53,1025.425049,37.97,69008_14/03/2001,17.88,39.76,2001-03-14,Indian Ocean
56508_15/03/2001,11.6,30.025,1021.267029,34.396,56508_15/03/2001,-15.47,118.492,2001-03-15,Indian Ocean
56501_16/03/2001,1698.5,2.788,1027.656982,34.69,56501_16/03/2001,-22.95,108.521,2001-03-16,Indian Ocean
53554_16/03/2001,998.1,4.985,1027.375,34.619,53554_16/03/2001,-12.714,108.162,2001-03-16,Indian Ocean
53555_17/03/2001,258.6,12.791,1026.053955,34.508,53555_17/03/2001,-10.983,112.054,2001-03-17,Indian Ocean
53546_18/03/2001,299.3,13.022,1026.227051,34.791,53546_18/03/2001,-13.955,120.171,2001-03-18,Indian Ocean
69008_19/03/2001,99.6,23.23,1027.863037,40.26,69008_19/03/2001,17.93,39.71,2001-03-19,Indian Ocean
56510_19/03/2001,1998.4,2.585,1027.699951,34.721,56510_19/03/2001,-16.67,107.703,2001-03-19,Indian Ocean
56509_19/03/2001,477.6,9.701,1026.80896,34.751,56509_19/03/2001,-21.651,108.036,2001-03-19,Indian Ocean
53547_21/03/2001,99.3,27.219,1022.223022,34.433,53547_21/03/2001,-7.1,103.603,2001-03-21,Equatorial Region
53548_22/03/2001,48.3,23.31,1023.763,34.891,53548_22/03/2001,-14.554,113.727,2001-03-22,Indian Ocean
53553_24/03/2001,439.3,9.567,1026.822021,34.74,53553_24/03/2001,-14.094,108.348,2001-03-24,Indian Ocean
69008_24/03/2001,599.5,21.53,1028.645996,40.64,69008_24/03/2001,18.07,39.67,2001-03-24,Indian Ocean
56508_25/03/2001,798.4,5.981,1027.251953,34.616,56508_25/03/2001,-15.281,118.416,2001-03-25,Indian Ocean
56501_26/03/2001,1098.4,4.481,1027.422974,34.608,56501_26/03/2001,-22.909,108.121,2001-03-26,Indian Ocean
53554_26/03/2001,358.9,10.347,1026.686035,34.735,53554_26/03/2001,-12.721,108.324,2001-03-26,Indian Ocean
53555_27/03/2001,418.5,9.155,1026.77002,34.587,53555_27/03/2001,-10.862,111.901,2001-03-27,Indian Ocean
53546_28/03/2001,1598.0,3.281,1027.595947,34.671,53546_28/03/2001,-13.943,120.202,2001-03-28,Indian Ocean
56509_29/03/2001,5.1,25.026,1023.34198,35.009,56509_29/03/2001,-21.696,107.976,2001-03-29,Indian Ocean
56510_29/03/2001,118.5,21.89,1024.292969,35.056,56510_29/03/2001,-16.78,107.811,2001-03-29,Indian Ocean
69008_29/03/2001,648.9,21.54,1028.651001,40.65,69008_29/03/2001,18.17,39.62,2001-03-29,Indian Ocean
53548_31/03/2001,218.0,13.771,1026.729004,35.638,53548_31/03/2001,-14.868,113.848,2001-03-31,Indian Ocean
53547_31/03/2001,678.0,7.827,1027.157959,34.819,53547_31/03/2001,-7.1,103.309,2001-03-31,Equatorial Region
53553_03/04/2001,179.5,17.637,1025.287964,34.904,53553_03/04/2001,-14.195,108.325,2001-04-03,Indian Ocean
69008_03/04/2001,6.0,28.09,1024.399048,37.7,69008_03/04/2001,18.25,39.6,2001-04-03,Indian Ocean
56508_04/04/2001,1798.3,2.74,1027.68103,34.715,56508_04/04/2001,-15.287,118.328,2001-04-04,Indian Ocean
53554_05/04/2001,1097.7,4.802,1027.392944,34.615,53554_05/04/2001,-12.836,108.426,2001-04-05,Indian Ocean
56501_05/04/2001,2173.6,2.194,1027.733032,34.722,56501_05/04/2001,-22.82,107.926,2001-04-05,Indian Ocean
53555_06/04/2001,118.7,21.359,1023.994019,34.47,53555_06/04/2001,-10.869,112.209,2001-04-06,Indian Ocean
53546_07/04/2001,558.6,7.722,1026.994019,34.591,53546_07/04/2001,-13.881,120.291,2001-04-07,Indian Ocean
56509_08/04/2001,918.5,5.277,1027.328979,34.604,56509_08/04/2001,-21.74,108.1,2001-04-08,Indian Ocean
69008_08/04/2001,50.3,26.65,1025.297974,38.27,69008_08/04/2001,18.27,39.58,2001-04-08,Indian Ocean
56510_08/04/2001,2123.8,2.391,1027.719971,34.726,56510_08/04/2001,-16.852,107.993,2001-04-08,Indian Ocean
53547_10/04/2001,397.7,9.997,1026.838989,34.854,53547_10/04/2001,-7.097,103.071,2001-04-10,Equatorial Region
53548_11/04/2001,198.7,16.674,1026.469971,36.142,53548_11/04/2001,-15.077,114.206,2001-04-11,Indian Ocean
69008_13/04/2001,399.8,21.53,1028.654053,40.65,69008_13/04/2001,18.26,39.53,2001-04-13,Indian Ocean
53553_13/04/2001,179.8,17.46,1025.135986,34.649,53553_13/04/2001,-14.134,108.469,2001-04-13,Indian Ocean
56508_14/04/2001,358.0,10.253,1026.661011,34.682,56508_14/04/2001,-15.558,118.242,2001-04-14,Indian Ocean
56501_15/04/2001,238.1,16.97,1026.077026,35.722,56501_15/04/2001,-22.72,107.75,2001-04-15,Indian Ocean
53554_15/04/2001,738.0,6.678,1027.167969,34.625,53554_15/04/2001,-12.862,108.587,2001-04-15,Indian Ocean
53555_16/04/2001,2142.1,2.28,1027.73999,34.739,53555_16/04/2001,-11.14,112.233,2001-04-16,Indian Ocean
53546_17/04/2001,858.5,6.013,1027.22998,34.594,53546_17/04/2001,-13.893,120.467,2001-04-17,Indian Ocean
69008_18/04/2001,49.3,26.78,1025.338989,38.38,69008_18/04/2001,18.25,39.45,2001-04-18,Indian Ocean
56509_18/04/2001,417.5,11.443,1026.708984,35.018,56509_18/04/2001,-21.81,108.201,2001-04-18,Indian Ocean
56510_18/04/2001,19.1,28.1,1021.872009,34.346,56510_18/04/2001,-16.775,108.08,2001-04-18,Indian Ocean
53547_20/04/2001,498.2,9.218,1026.953003,34.834,53547_20/04/2001,-7.109,103.15,2001-04-20,Equatorial Region
53548_21/04/2001,3.3,28.84,1021.999023,34.839,53548_21/04/2001,-14.84,114.484,2001-04-21,Indian Ocean
69008_23/04/2001,174.1,21.83,1028.484985,40.54,69008_23/04/2001,18.27,39.4,2001-04-23,Indian Ocean
53553_23/04/2001,2053.8,2.508,1027.713013,34.73,53553_23/04/2001,-14.034,108.692,2001-04-23,Indian Ocean
56508_24/04/2001,158.9,19.647,1024.504028,34.539,56508_24/04/2001,-15.508,118.299,2001-04-24,Indian Ocean
56501_25/04/2001,498.6,9.246,1026.831055,34.684,56501_25/04/2001,-22.79,107.73,2001-04-25,Indian Ocean
53554_25/04/2001,2129.5,2.411,1027.725952,34.735,53554_25/04/2001,-12.828,108.74,2001-04-25,Indian Ocean
53555_26/04/2001,338.8,10.564,1026.569946,34.635,53555_26/04/2001,-11.493,112.076,2001-04-26,Indian Ocean
53546_27/04/2001,358.7,10.008,1026.68396,34.658,53546_27/04/2001,-13.824,120.545,2001-04-27,Indian Ocean
56510_28/04/2001,1097.7,4.768,1027.417969,34.642,56510_28/04/2001,-16.628,108.025,2001-04-28,Indian Ocean
69008_28/04/2001,542.0,21.54,1028.666992,40.67,69008_28/04/2001,18.29,39.34,2001-04-28,Indian Ocean
56509_28/04/2001,18.6,25.946,1022.952026,34.867,56509_28/04/2001,-21.74,108.36,2001-04-28,Indian Ocean
53547_30/04/2001,178.8,13.95,1025.876953,34.584,53547_30/04/2001,-7.167,103.041,2001-04-30,Equatorial Region
53548_01/05/2001,198.9,14.451,1026.542969,35.584,53548_01/05/2001,-14.237,114.554,2001-05-01,Indian Ocean
53553_03/05/2001,2053.4,2.482,1027.715942,34.73,53553_03/05/2001,-14.085,108.888,2001-05-03,Indian Ocean
69008_03/05/2001,424.0,21.53,1028.668945,40.67,69008_03/05/2001,18.3,39.28,2001-05-03,Indian Ocean
56508_04/05/2001,2122.9,2.314,1027.732056,34.733,56508_04/05/2001,-15.269,118.473,2001-05-04,Indian Ocean
53554_05/05/2001,1498.6,3.612,1027.569946,34.679,53554_05/05/2001,-12.906,108.884,2001-05-05,Indian Ocean
56501_05/05/2001,2325.8,2.07,1027.744995,34.724,56501_05/05/2001,-23.002,107.65,2001-05-05,Indian Ocean
53555_06/05/2001,618.2,7.489,1027.055054,34.625,53555_06/05/2001,-11.85,111.842,2001-05-06,Indian Ocean
53546_07/05/2001,279.1,12.642,1026.155029,34.601,53546_07/05/2001,-13.834,120.564,2001-05-07,Indian Ocean
56510_08/05/2001,1498.6,3.56,1027.567993,34.67,56510_08/05/2001,-16.486,107.892,2001-05-08,Indian Ocean
56509_08/05/2001,856.9,5.458,1027.282959,34.573,56509_08/05/2001,-21.761,108.49,2001-05-08,Indian Ocean
69008_08/05/2001,74.5,25.92,1026.196045,39.15,69008_08/05/2001,18.26,39.18,2001-05-08,Indian Ocean
53548_10/05/2001,58.2,25.748,1022.835999,34.632,53548_10/05/2001,-13.909,114.581,2001-05-10,Indian Ocean
53547_10/05/2001,29.1,29.648,1020.771973,33.564,53547_10/05/2001,-7.149,102.797,2001-05-10,Equatorial Region
69008_13/05/2001,6.0,30.32,1024.004028,38.18,69008_13/05/2001,18.23,39.15,2001-05-13,Indian Ocean
53553_13/05/2001,379.2,10.731,1026.712036,34.856,53553_13/05/2001,-14.32,109.015,2001-05-13,Indian Ocean
56508_14/05/2001,2123.6,2.312,1027.734009,34.735,56508_14/05/2001,-15.174,118.325,2001-05-14,Indian Ocean
56501_15/05/2001,12.7,23.858,1023.765015,35.105,56501_15/05/2001,-23.231,107.49,2001-05-15,Indian Ocean
53554_15/05/2001,2124.5,2.347,1027.733032,34.737,53554_15/05/2001,-13.017,109.038,2001-05-15,Indian Ocean
53555_16/05/2001,1797.3,2.952,1027.668945,34.724,53555_16/05/2001,-12.019,111.664,2001-05-16,Indian Ocean
53546_17/05/2001,398.7,9.868,1026.707031,34.657,53546_17/05/2001,-13.819,120.588,2001-05-17,Indian Ocean
69008_18/05/2001,398.8,21.55,1028.671021,40.68,69008_18/05/2001,18.21,39.12,2001-05-18,Indian Ocean
56509_18/05/2001,1496.7,3.469,1027.563965,34.653,56509_18/05/2001,-21.817,108.587,2001-05-18,Indian Ocean
56510_18/05/2001,457.4,9.306,1026.844971,34.714,56510_18/05/2001,-16.346,107.753,2001-05-18,Indian Ocean
53547_20/05/2001,1197.3,4.762,1027.484985,34.726,53547_20/05/2001,-7.211,102.705,2001-05-20,Equatorial Region
53548_21/05/2001,48.4,27.76,1022.281982,34.744,53548_21/05/2001,-13.832,114.614,2001-05-21,Indian Ocean
53553_23/05/2001,438.9,9.557,1026.831055,34.749,53553_23/05/2001,-14.547,109.025,2001-05-23,Indian Ocean
69008_23/05/2001,349.4,21.56,1028.661011,40.67,69008_23/05/2001,18.16,39.12,2001-05-23,Indian Ocean
56508_24/05/2001,1398.3,3.766,1027.540039,34.66,56508_24/05/2001,-15.135,118.216,2001-05-24,Indian Ocean
53554_25/05/2001,1797.8,2.924,1027.670044,34.722,53554_25/05/2001,-13.189,108.982,2001-05-25,Indian Ocean
56501_25/05/2001,1797.1,2.705,1027.666992,34.694,56501_25/05/2001,-23.573,107.223,2001-05-25,Indian Ocean
53555_26/05/2001,139.8,20.917,1024.114014,34.47,53555_26/05/2001,-12.063,111.572,2001-05-26,Indian Ocean
53546_27/05/2001,2105.9,2.316,1027.723022,34.722,53546_27/05/2001,-13.72,120.561,2001-05-27,Indian Ocean
56509_28/05/2001,48.8,25.483,1023.11499,34.893,56509_28/05/2001,-21.787,108.688,2001-05-28,Indian Ocean
56510_28/05/2001,1797.4,2.815,1027.670044,34.71,56510_28/05/2001,-16.171,107.617,2001-05-28,Indian Ocean
69008_28/05/2001,9.1,29.76,1024.152954,38.12,69008_28/05/2001,18.14,39.13,2001-05-28,Indian Ocean
53547_30/05/2001,397.5,9.96,1026.831055,34.836,53547_30/05/2001,-7.249,102.807,2001-05-30,Equatorial Region
53548_31/05/2001,738.3,6.398,1027.880981,35.481,53548_31/05/2001,-13.918,114.717,2001-05-31,Indian Ocean
53553_02/06/2001,199.8,17.493,1025.329956,34.913,53553_02/06/2001,-14.754,109.098,2001-06-02,Indian Ocean
69008_02/06/2001,6.0,29.52,1024.347046,38.27,69008_02/06/2001,18.08,39.19,2001-06-02,Indian Ocean
56508_03/06/2001,88.6,24.645,1023.013,34.422,56508_03/06/2001,-15.204,118.224,2001-06-03,Indian Ocean
56501_04/06/2001,458.1,10.154,1026.780029,34.813,56501_04/06/2001,-23.62,107.083,2001-06-04,Indian Ocean
53554_04/06/2001,618.9,7.43,1027.072021,34.636,53554_04/06/2001,-13.199,109.0,2001-06-04,Indian Ocean
53555_05/06/2001,799.0,6.165,1027.235962,34.626,53555_05/06/2001,-12.168,111.499,2001-06-05,Indian Ocean
53546_06/06/2001,919.0,5.191,1027.333984,34.598,53546_06/06/2001,-13.598,120.568,2001-06-06,Indian Ocean
69008_07/06/2001,423.0,21.55,1028.678955,40.69,69008_07/06/2001,17.98,39.21,2001-06-07,Indian Ocean
56509_07/06/2001,417.6,11.586,1026.694946,35.035,56509_07/06/2001,-21.656,108.759,2001-06-07,Indian Ocean
56510_08/06/2001,1397.6,3.865,1027.526978,34.656,56510_08/06/2001,-16.116,107.43,2001-06-08,Indian Ocean
53547_09/06/2001,317.5,10.74,1026.703003,34.846,53547_09/06/2001,-7.288,102.881,2001-06-09,Equatorial Region
53548_10/06/2001,498.5,8.283,1027.626953,35.504,53548_10/06/2001,-14.11,114.874,2001-06-10,Indian Ocean
69008_12/06/2001,124.8,22.53,1028.206055,40.44,69008_12/06/2001,17.92,39.19,2001-06-12,Indian Ocean
53553_12/06/2001,1198.5,4.604,1027.427002,34.63,53553_12/06/2001,-14.85,109.162,2001-06-12,Indian Ocean
56508_13/06/2001,398.7,9.924,1026.708984,34.672,56508_13/06/2001,-15.262,118.203,2001-06-13,Indian Ocean
56501_14/06/2001,998.8,4.697,1027.389038,34.595,56501_14/06/2001,-24.269,106.668,2001-06-14,Indian Ocean
53554_14/06/2001,1998.3,2.536,1027.714966,34.735,53554_14/06/2001,-13.251,108.769,2001-06-14,Indian Ocean
53555_15/06/2001,179.8,20.702,1024.167969,34.465,53555_15/06/2001,-12.206,111.531,2001-06-15,Indian Ocean
53546_16/06/2001,1298.7,3.941,1027.496948,34.629,53546_16/06/2001,-13.547,120.652,2001-06-16,Indian Ocean
69008_17/06/2001,49.3,28.15,1025.005005,38.53,69008_17/06/2001,17.91,39.16,2001-06-17,Indian Ocean
56509_17/06/2001,138.7,20.54,1024.770996,35.199,56509_17/06/2001,-21.478,108.823,2001-06-17,Indian Ocean
56510_17/06/2001,238.2,14.261,1026.166992,35.045,56510_17/06/2001,-16.123,107.319,2001-06-17,Indian Ocean
53548_19/06/2001,1498.1,3.415,1028.321045,35.596,53548_19/06/2001,-14.284,115.138,2001-06-19,Indian Ocean
53547_19/06/2001,89.2,26.922,1022.638,34.858,53547_19/06/2001,-7.243,102.879,2001-06-19,Equatorial Region
69008_22/06/2001,248.6,21.62,1028.635986,40.66,69008_22/06/2001,17.91,39.12,2001-06-22,Indian Ocean
53553_22/06/2001,199.8,17.463,1025.375977,34.963,53553_22/06/2001,-14.84,109.252,2001-06-22,Indian Ocean
56508_23/06/2001,69.4,27.235,1021.846985,33.941,56508_23/06/2001,-15.215,118.237,2001-06-23,Indian Ocean
56501_24/06/2001,418.6,10.594,1026.755981,34.881,56501_24/06/2001,-24.445,106.494,2001-06-24,Indian Ocean
53554_24/06/2001,738.7,6.885,1027.139038,34.625,53554_24/06/2001,-13.226,108.592,2001-06-24,Indian Ocean
53555_25/06/2001,1197.9,4.428,1027.444946,34.628,53555_25/06/2001,-12.118,111.425,2001-06-25,Indian Ocean
53546_26/06/2001,478.6,8.625,1026.890015,34.633,53546_26/06/2001,-13.662,120.779,2001-06-26,Indian Ocean
56509_27/06/2001,737.4,6.615,1027.125977,34.561,56509_27/06/2001,-21.557,108.872,2001-06-27,Indian Ocean
69008_27/06/2001,348.4,21.56,1028.667969,40.68,69008_27/06/2001,17.91,38.99,2001-06-27,Indian Ocean
56510_27/06/2001,1597.9,3.27,1027.609985,34.687,56510_27/06/2001,-16.16,107.32,2001-06-27,Indian Ocean
53547_29/06/2001,258.6,12.308,1026.522949,34.99,53547_29/06/2001,-7.245,102.578,2001-06-29,Equatorial Region
53548_30/06/2001,318.0,11.855,1027.197021,35.746,53548_30/06/2001,-14.299,115.308,2001-06-30,Indian Ocean
53553_02/07/2001,1498.4,3.613,1027.562012,34.668,53553_02/07/2001,-14.653,109.289,2001-07-02,Indian Ocean
69008_02/07/2001,423.0,21.57,1028.672974,40.69,69008_02/07/2001,17.93,38.94,2001-07-02,Indian Ocean
56508_03/07/2001,259.0,14.124,1025.869995,34.623,56508_03/07/2001,-15.205,118.098,2001-07-03,Indian Ocean
53554_04/07/2001,219.8,16.213,1025.365967,34.566,53554_04/07/2001,-13.099,108.381,2001-07-04,Indian Ocean
56501_04/07/2001,1698.7,2.877,1027.64502,34.685,56501_04/07/2001,-24.539,106.243,2001-07-04,Indian Ocean
53555_05/07/2001,378.8,9.886,1026.737061,34.7,53555_05/07/2001,-12.027,111.318,2001-07-05,Indian Ocean
53546_06/07/2001,479.1,8.921,1026.850952,34.642,53546_06/07/2001,-13.742,120.842,2001-07-06,Indian Ocean
56510_07/07/2001,458.6,9.503,1026.832031,34.739,56510_07/07/2001,-16.102,107.438,2001-07-07,Indian Ocean
56509_07/07/2001,678.0,6.729,1027.07605,34.518,56509_07/07/2001,-21.528,108.978,2001-07-07,Indian Ocean
69008_07/07/2001,148.9,22.06,1028.417969,40.54,69008_07/07/2001,17.95,38.87,2001-07-07,Indian Ocean
53547_09/07/2001,89.2,27.019,1022.427979,34.62,53547_09/07/2001,-7.156,102.212,2001-07-09,Equatorial Region
53548_10/07/2001,48.6,27.411,1022.47699,34.852,53548_10/07/2001,-14.07,115.45,2001-07-10,Indian Ocean
53553_12/07/2001,499.0,8.662,1026.910034,34.665,53553_12/07/2001,-14.469,109.267,2001-07-12,Indian Ocean
69008_12/07/2001,74.5,24.07,1027.45105,40.05,69008_12/07/2001,17.97,38.8,2001-07-12,Indian Ocean
56508_13/07/2001,79.1,26.455,1022.177979,34.052,56508_13/07/2001,-15.291,117.85,2001-07-13,Indian Ocean
56501_14/07/2001,99.1,20.791,1024.974976,35.556,56501_14/07/2001,-24.702,106.08,2001-07-14,Indian Ocean
53554_14/07/2001,1998.4,2.598,1027.709961,34.736,53554_14/07/2001,-12.953,108.299,2001-07-14,Indian Ocean
53555_15/07/2001,738.4,6.15,1027.240967,34.63,53555_15/07/2001,-11.941,111.211,2001-07-15,Indian Ocean
53546_16/07/2001,2109.3,2.333,1027.723999,34.725,53546_16/07/2001,-13.831,120.861,2001-07-16,Indian Ocean
56509_17/07/2001,317.5,14.584,1026.378052,35.408,56509_17/07/2001,-21.608,109.053,2001-07-17,Indian Ocean
56510_17/07/2001,18.6,26.165,1022.184998,33.941,56510_17/07/2001,-16.094,107.427,2001-07-17,Indian Ocean
69008_17/07/2001,6.0,32.62,1023.328979,38.37,69008_17/07/2001,17.99,38.77,2001-07-17,Indian Ocean
53547_19/07/2001,218.6,11.768,1026.392944,34.69,53547_19/07/2001,-7.083,101.688,2001-07-19,Equatorial Region
53548_19/07/2001,417.9,9.219,1027.595947,35.655,53548_19/07/2001,-13.82,115.635,2001-07-19,Indian Ocean
53553_22/07/2001,259.4,14.159,1026.119019,34.955,53553_22/07/2001,-14.373,109.231,2001-07-22,Indian Ocean
69008_22/07/2001,583.3,21.59,1028.675049,40.7,69008_22/07/2001,17.99,38.72,2001-07-22,Indian Ocean
56508_23/07/2001,29.5,26.814,1022.026978,34.001,56508_23/07/2001,-15.411,117.729,2001-07-23,Indian Ocean
1900087_23/07/2001,2.8,18.186,1025.775024,35.715,1900087_23/07/2001,-31.641,48.726,2001-07-23,Indian Ocean
56501_24/07/2001,238.6,16.052,1026.291016,35.721,56501_24/07/2001,-24.846,105.793,2001-07-24,Indian Ocean
53554_24/07/2001,738.3,6.609,1027.187988,34.639,53554_24/07/2001,-12.742,108.174,2001-07-24,Indian Ocean
1900086_25/07/2001,519.2,12.994,1026.583984,35.244,1900086_25/07/2001,-31.399,48.037,2001-07-25,Indian Ocean
1900085_25/07/2001,874.2,9.622,1026.819946,34.749,1900085_25/07/2001,-30.601,46.698,2001-07-25,Indian Ocean
53555_25/07/2001,798.5,6.675,1027.202026,34.668,53555_25/07/2001,-12.187,111.064,2001-07-25,Indian Ocean
53546_26/07/2001,1398.1,3.617,1027.547974,34.652,53546_26/07/2001,-13.838,120.949,2001-07-26,Indian Ocean
56509_27/07/2001,158.3,20.734,1024.563965,34.995,56509_27/07/2001,-21.843,109.419,2001-07-27,Indian Ocean
56510_27/07/2001,1098.2,4.835,1027.396973,34.625,56510_27/07/2001,-16.151,107.431,2001-07-27,Indian Ocean
69008_27/07/2001,6.0,32.72,1023.172974,38.21,69008_27/07/2001,18.03,38.71,2001-07-27,Indian Ocean
53547_29/07/2001,417.7,10.238,1026.812988,34.874,53547_29/07/2001,-6.936,101.403,2001-07-29,Equatorial Region
53548_30/07/2001,198.1,15.804,1026.375,35.756,53548_30/07/2001,-13.959,115.681,2001-07-30,Indian Ocean
53553_01/08/2001,239.8,15.327,1025.869995,34.961,53553_01/08/2001,-14.524,109.244,2001-08-01,Indian Ocean
69008_01/08/2001,19.1,31.49,1023.682983,38.3,69008_01/08/2001,18.14,38.63,2001-08-01,Indian Ocean
56508_02/08/2001,558.7,7.968,1026.998047,34.642,56508_02/08/2001,-15.291,117.695,2001-08-02,Indian Ocean
1900087_02/08/2001,3.0,17.75,1025.881958,35.714,1900087_02/08/2001,-31.427,49.04,2001-08-02,Indian Ocean
53554_03/08/2001,558.9,7.823,1027.015991,34.638,53554_03/08/2001,-12.837,107.771,2001-08-03,Indian Ocean
56501_03/08/2001,18.9,20.824,1024.771973,35.3,56501_03/08/2001,-25.106,105.511,2001-08-03,Indian Ocean
1900085_04/08/2001,539.5,13.05,1026.57605,35.248,1900085_04/08/2001,-30.278,46.762,2001-08-04,Indian Ocean
53555_04/08/2001,179.6,17.588,1024.994019,34.505,53555_04/08/2001,-12.395,110.868,2001-08-04,Indian Ocean
1900086_04/08/2001,89.0,18.468,1025.720947,35.737,1900086_04/08/2001,-31.108,48.335,2001-08-04,Indian Ocean
53546_05/08/2001,179.8,17.571,1025.017944,34.53,53546_05/08/2001,-13.84,121.005,2001-08-05,Indian Ocean
56510_06/08/2001,618.5,7.592,1027.045044,34.632,56510_06/08/2001,-16.233,107.515,2001-08-06,Indian Ocean
69008_06/08/2001,20.1,31.67,1023.723999,38.44,69008_06/08/2001,18.28,38.53,2001-08-06,Indian Ocean
56509_06/08/2001,397.6,11.832,1026.676025,35.07,56509_06/08/2001,-22.065,109.494,2001-08-06,Indian Ocean
53547_08/08/2001,1798.5,3.092,1027.672974,34.745,53547_08/08/2001,-6.919,101.152,2001-08-08,Equatorial Region
53548_09/08/2001,1297.1,3.966,1028.321045,35.667,53548_09/08/2001,-14.363,115.526,2001-08-09,Indian Ocean
53553_11/08/2001,1898.8,2.782,1027.678955,34.717,53553_11/08/2001,-14.636,109.312,2001-08-11,Indian Ocean
69008_11/08/2001,49.3,27.51,1025.531982,38.95,69008_11/08/2001,18.45,38.35,2001-08-11,Indian Ocean
56508_12/08/2001,11.5,26.698,1021.96698,33.873,56508_12/08/2001,-15.045,117.687,2001-08-12,Indian Ocean
1900087_12/08/2001,2.7,18.396,1025.734985,35.732,1900087_12/08/2001,-31.943,49.04,2001-08-12,Indian Ocean
56501_13/08/2001,219.1,17.347,1026.041016,35.793,56501_13/08/2001,-25.246,105.301,2001-08-13,Indian Ocean
53554_13/08/2001,194.9,13.855,1025.907959,34.599,53554_13/08/2001,-12.97,107.349,2001-08-13,Indian Ocean
53555_14/08/2001,1298.7,4.241,1027.470947,34.635,53555_14/08/2001,-12.309,110.76,2001-08-14,Indian Ocean
1900086_14/08/2001,109.6,17.771,1025.852051,35.682,1900086_14/08/2001,-30.943,48.341,2001-08-14,Indian Ocean
1900085_14/08/2001,9.1,20.449,1025.156006,35.672,1900085_14/08/2001,-29.872,46.478,2001-08-14,Indian Ocean
53546_15/08/2001,459.2,8.748,1026.880005,34.644,53546_15/08/2001,-14.042,120.964,2001-08-15,Indian Ocean
56509_16/08/2001,457.5,10.634,1026.762939,34.899,56509_16/08/2001,-22.257,109.123,2001-08-16,Indian Ocean
56510_16/08/2001,438.8,9.849,1026.811035,34.786,56510_16/08/2001,-16.134,107.709,2001-08-16,Indian Ocean
53547_18/08/2001,1597.7,3.631,1027.619019,34.743,53547_18/08/2001,-7.121,101.04,2001-08-18,Equatorial Region
53548_19/08/2001,59.0,26.107,1022.880005,34.839,53548_19/08/2001,-14.713,115.541,2001-08-19,Indian Ocean
53553_21/08/2001,1798.5,2.903,1027.661011,34.708,53553_21/08/2001,-14.469,109.461,2001-08-21,Indian Ocean
69008_21/08/2001,80.5,24.57,1027.18396,39.9,69008_21/08/2001,18.57,38.45,2001-08-21,Indian Ocean
56508_22/08/2001,59.3,26.207,1022.171997,33.941,56508_22/08/2001,-14.948,117.598,2001-08-22,Indian Ocean
1900087_22/08/2001,3.0,18.338,1025.737061,35.716,1900087_22/08/2001,-33.426,48.348,2001-08-22,Indian Ocean
56501_23/08/2001,2099.4,2.386,1027.713013,34.717,56501_23/08/2001,-25.661,104.838,2001-08-23,Indian Ocean
53554_23/08/2001,239.8,14.48,1025.792969,34.621,53554_23/08/2001,-13.106,106.958,2001-08-23,Indian Ocean
1900086_24/08/2001,258.9,15.298,1026.29895,35.509,1900086_24/08/2001,-30.964,48.233,2001-08-24,Indian Ocean
53555_24/08/2001,179.8,18.505,1024.894043,34.668,53555_24/08/2001,-12.074,110.828,2001-08-24,Indian Ocean
1900085_24/08/2001,639.3,11.811,1026.667969,35.054,1900085_24/08/2001,-29.745,46.315,2001-08-24,Indian Ocean
53546_25/08/2001,438.9,8.486,1026.878052,34.59,53546_25/08/2001,-13.868,121.085,2001-08-25,Indian Ocean
1900084_25/08/2001,9.5,22.588,1024.376953,35.427,1900084_25/08/2001,-27.303,39.035,2001-08-25,Indian Ocean
56509_26/08/2001,38.6,22.042,1024.136963,34.907,56509_26/08/2001,-22.395,109.09,2001-08-26,Indian Ocean
56510_26/08/2001,118.7,24.634,1023.060974,34.481,56510_26/08/2001,-15.724,108.02,2001-08-26,Indian Ocean
69008_26/08/2001,79.5,24.49,1027.27002,39.98,69008_26/08/2001,18.64,38.48,2001-08-26,Indian Ocean
1900083_26/08/2001,739.2,9.98,1026.801025,34.802,1900083_26/08/2001,-29.674,34.711,2001-08-26,Indian Ocean
53547_28/08/2001,417.9,9.674,1026.828003,34.77,53547_28/08/2001,-7.0,100.895,2001-08-28,Equatorial Region
53548_28/08/2001,317.1,11.606,1027.390991,35.934,53548_28/08/2001,-14.688,115.616,2001-08-28,Indian Ocean
69008_31/08/2001,49.3,31.06,1024.128052,38.69,69008_31/08/2001,18.73,38.53,2001-08-31,Indian Ocean
53553_31/08/2001,439.5,9.158,1026.859985,34.702,53553_31/08/2001,-14.314,109.435,2001-08-31,Indian Ocean
56508_01/09/2001,11.7,26.199,1022.223999,34.006,56508_01/09/2001,-15.053,117.234,2001-09-01,Indian Ocean
53554_02/09/2001,739.2,7.031,1027.11499,34.62,53554_02/09/2001,-13.015,106.669,2001-09-02,Indian Ocean
1900086_02/09/2001,169.0,17.496,1025.937012,35.705,1900086_02/09/2001,-31.091,48.24,2001-09-02,Indian Ocean
56501_02/09/2001,458.8,11.065,1026.727051,34.952,56501_02/09/2001,-25.994,104.665,2001-09-02,Indian Ocean
1900085_03/09/2001,499.1,13.005,1026.578979,35.241,1900085_03/09/2001,-29.721,46.317,2001-09-03,Indian Ocean
53555_03/09/2001,2143.1,2.198,1027.748047,34.741,53555_03/09/2001,-11.987,110.886,2001-09-03,Indian Ocean
1900084_04/09/2001,759.2,8.649,1026.899048,34.649,1900084_04/09/2001,-26.176,39.748,2001-09-04,Indian Ocean
53546_04/09/2001,2105.2,2.227,1027.734985,34.727,53546_04/09/2001,-13.788,121.061,2001-09-04,Indian Ocean
69008_05/09/2001,498.6,21.58,1028.677979,40.7,69008_05/09/2001,18.87,38.59,2001-09-05,Indian Ocean
1900083_05/09/2001,7.7,22.888,1024.328979,35.477,1900083_05/09/2001,-29.273,34.601,2001-09-05,Indian Ocean
56510_05/09/2001,2239.2,2.239,1027.734009,34.727,56510_05/09/2001,-15.669,108.129,2001-09-05,Indian Ocean
56509_05/09/2001,358.6,13.13,1026.598999,35.299,56509_05/09/2001,-22.256,109.124,2001-09-05,Indian Ocean
53547_07/09/2001,2207.0,2.28,1027.733032,34.731,53547_07/09/2001,-6.971,100.881,2001-09-07,Equatorial Region
53548_08/09/2001,69.1,22.803,1024.259033,35.352,53548_08/09/2001,-14.094,115.68,2001-09-08,Indian Ocean
53553_10/09/2001,1897.7,2.624,1027.697998,34.723,53553_10/09/2001,-14.459,109.243,2001-09-10,Indian Ocean
69008_10/09/2001,5.0,31.88,1023.835999,38.69,69008_10/09/2001,18.99,38.66,2001-09-10,Indian Ocean
56508_11/09/2001,69.3,26.071,1022.294006,34.046,56508_11/09/2001,-15.405,116.886,2001-09-11,Indian Ocean
56501_12/09/2001,1198.1,4.457,1027.411011,34.589,56501_12/09/2001,-26.107,104.513,2001-09-12,Indian Ocean
53554_12/09/2001,2103.8,2.428,1027.72998,34.742,53554_12/09/2001,-12.79,106.448,2001-09-12,Indian Ocean
1900086_13/09/2001,1999.5,2.581,1027.675049,34.69,1900086_13/09/2001,-31.161,48.206,2001-09-13,Indian Ocean
1900085_13/09/2001,924.5,8.244,1026.928955,34.608,1900085_13/09/2001,-29.654,46.185,2001-09-13,Indian Ocean
53555_13/09/2001,1198.7,4.334,1027.464966,34.64,53555_13/09/2001,-12.343,110.645,2001-09-13,Indian Ocean
1900084_14/09/2001,129.2,19.72,1025.322998,35.637,1900084_14/09/2001,-25.948,40.778,2001-09-14,Indian Ocean
53546_14/09/2001,1898.9,2.593,1027.696045,34.718,53546_14/09/2001,-13.807,121.125,2001-09-14,Indian Ocean
56509_15/09/2001,298.2,15.07,1026.418945,35.599,56509_15/09/2001,-22.138,109.042,2001-09-15,Indian Ocean
1900083_15/09/2001,7.8,20.593,1025.072021,35.612,1900083_15/09/2001,-29.936,34.203,2001-09-15,Indian Ocean
69008_15/09/2001,348.4,21.55,1028.687012,40.7,69008_15/09/2001,19.13,38.8,2001-09-15,Indian Ocean
56510_15/09/2001,219.1,17.989,1025.598022,35.42,56510_15/09/2001,-16.071,108.046,2001-09-15,Indian Ocean
53547_17/09/2001,139.0,18.596,1024.708984,34.457,53547_17/09/2001,-6.939,100.786,2001-09-17,Equatorial Region
53548_18/09/2001,3.2,26.112,1023.059021,35.078,53548_18/09/2001,-14.004,115.643,2001-09-18,Indian Ocean
69008_20/09/2001,199.3,21.8,1028.53894,40.6,69008_20/09/2001,19.21,39.06,2001-09-20,Indian Ocean
53553_20/09/2001,619.2,7.246,1027.102051,34.641,53553_20/09/2001,-14.684,108.98,2001-09-20,Indian Ocean
56508_21/09/2001,89.3,25.89,1022.403015,34.116,56508_21/09/2001,-15.659,116.935,2001-09-21,Indian Ocean
53554_22/09/2001,319.8,11.088,1026.493042,34.657,53554_22/09/2001,-12.605,106.254,2001-09-22,Indian Ocean
56501_22/09/2001,13.5,21.059,1024.439941,34.949,56501_22/09/2001,-26.102,104.406,2001-09-22,Indian Ocean
1900085_23/09/2001,799.3,9.527,1026.828979,34.74,1900085_23/09/2001,-29.486,46.01,2001-09-23,Indian Ocean
1900086_23/09/2001,1299.0,3.882,1027.350952,34.437,1900086_23/09/2001,-31.318,48.096,2001-09-23,Indian Ocean
53555_23/09/2001,199.7,15.951,1025.371948,34.496,53555_23/09/2001,-12.873,110.255,2001-09-23,Indian Ocean
1900084_24/09/2001,1799.2,2.896,1027.672974,34.722,1900084_24/09/2001,-26.221,41.074,2001-09-24,Indian Ocean
53546_24/09/2001,1297.9,4.01,1027.491943,34.632,53546_24/09/2001,-13.778,121.222,2001-09-24,Indian Ocean
69008_25/09/2001,397.8,21.58,1028.686035,40.71,69008_25/09/2001,19.37,39.17,2001-09-25,Indian Ocean
1900083_25/09/2001,619.5,11.469,1026.692993,35.004,1900083_25/09/2001,-30.14,34.03,2001-09-25,Indian Ocean
56510_25/09/2001,2264.0,2.212,1027.737061,34.728,56510_25/09/2001,-16.44,107.836,2001-09-25,Indian Ocean
56509_25/09/2001,68.5,20.912,1024.651978,35.174,56509_25/09/2001,-22.234,108.889,2001-09-25,Indian Ocean
53547_27/09/2001,12.2,27.875,1021.379028,33.592,53547_27/09/2001,-6.663,100.606,2001-09-27,Equatorial Region
53548_27/09/2001,618.2,6.739,1028.045044,35.748,53548_27/09/2001,-14.574,115.402,2001-09-27,Indian Ocean
53553_30/09/2001,399.6,10.784,1026.69397,34.845,53553_30/09/2001,-14.821,108.808,2001-09-30,Indian Ocean
69008_30/09/2001,74.5,27.66,1025.430054,38.88,69008_30/09/2001,19.41,39.33,2001-09-30,Indian Ocean
56508_01/10/2001,558.8,7.644,1027.047974,34.645,56508_01/10/2001,-15.412,117.276,2001-10-01,Indian Ocean
56501_02/10/2001,158.3,20.41,1024.853027,35.261,56501_02/10/2001,-25.862,104.638,2001-10-02,Indian Ocean
53554_02/10/2001,1298.9,4.031,1027.516968,34.665,53554_02/10/2001,-12.638,106.067,2001-10-02,Indian Ocean
1900086_03/10/2001,519.0,12.179,1026.649048,35.121,1900086_03/10/2001,-31.628,47.892,2001-10-03,Indian Ocean
53555_03/10/2001,2160.6,2.395,1027.732056,34.741,53555_03/10/2001,-13.344,109.928,2001-10-03,Indian Ocean
1900085_03/10/2001,559.0,12.5,1026.621948,35.167,1900085_03/10/2001,-29.356,45.888,2001-10-03,Indian Ocean
1900084_04/10/2001,188.9,17.082,1025.954956,35.598,1900084_04/10/2001,-26.488,41.445,2001-10-04,Indian Ocean
53546_04/10/2001,279.8,11.85,1026.35498,34.661,53546_04/10/2001,-13.669,121.172,2001-10-04,Indian Ocean
56510_05/10/2001,298.3,14.28,1026.363037,35.304,56510_05/10/2001,-16.494,107.884,2001-10-05,Indian Ocean
69008_05/10/2001,6.0,32.11,1023.664001,38.57,69008_05/10/2001,19.39,39.46,2001-10-05,Indian Ocean
1900083_05/10/2001,7.8,22.24,1024.588013,35.574,1900083_05/10/2001,-30.349,34.259,2001-10-05,Indian Ocean
56509_05/10/2001,48.9,21.42,1024.412964,35.043,56509_05/10/2001,-21.847,108.911,2001-10-05,Indian Ocean
53547_07/10/2001,497.8,9.041,1026.958008,34.803,53547_07/10/2001,-6.384,100.444,2001-10-07,Equatorial Region
53548_08/10/2001,678.6,6.34,1028.114014,35.767,53548_08/10/2001,-15.287,115.371,2001-10-08,Indian Ocean
53553_10/10/2001,369.4,11.989,1026.546021,34.941,53553_10/10/2001,-14.759,108.871,2001-10-10,Indian Ocean
69008_10/10/2001,5.0,32.14,1023.713013,38.65,69008_10/10/2001,19.34,39.54,2001-10-10,Indian Ocean
56508_11/10/2001,1198.7,4.402,1027.463013,34.647,56508_11/10/2001,-14.948,117.238,2001-10-11,Indian Ocean
56501_12/10/2001,418.3,13.265,1026.593994,35.328,56501_12/10/2001,-25.711,104.697,2001-10-12,Indian Ocean
53554_12/10/2001,1899.0,2.638,1027.708984,34.739,53554_12/10/2001,-12.925,106.105,2001-10-12,Indian Ocean
1900086_13/10/2001,874.2,8.345,1026.92395,34.621,1900086_13/10/2001,-31.697,47.795,2001-10-13,Indian Ocean
1900085_13/10/2001,259.5,15.989,1026.172974,35.548,1900085_13/10/2001,-29.17,45.996,2001-10-13,Indian Ocean
53555_13/10/2001,1698.9,3.113,1027.649048,34.717,53555_13/10/2001,-13.194,109.914,2001-10-13,Indian Ocean
1900084_14/10/2001,138.9,19.344,1025.453003,35.679,1900084_14/10/2001,-26.832,41.193,2001-10-14,Indian Ocean
53546_14/10/2001,619.2,7.019,1027.095947,34.593,53546_14/10/2001,-13.615,121.106,2001-10-14,Indian Ocean
1900083_15/10/2001,759.5,9.962,1026.801025,34.798,1900083_15/10/2001,-30.87,34.758,2001-10-15,Indian Ocean
56509_15/10/2001,918.1,5.007,1027.348999,34.589,56509_15/10/2001,-21.636,108.774,2001-10-15,Indian Ocean
69008_15/10/2001,10.1,30.87,1024.660034,39.31,69008_15/10/2001,19.35,39.73,2001-10-15,Indian Ocean
56510_15/10/2001,1598.3,3.371,1027.594971,34.68,56510_15/10/2001,-16.405,108.082,2001-10-15,Indian Ocean
53547_17/10/2001,118.8,21.326,1023.953003,34.404,53547_17/10/2001,-6.275,100.511,2001-10-17,Equatorial Region
53548_18/10/2001,1097.1,4.491,1028.381958,35.816,53548_18/10/2001,-15.38,115.636,2001-10-18,Indian Ocean
53553_20/10/2001,799.3,6.173,1027.238037,34.63,53553_20/10/2001,-14.469,109.14,2001-10-20,Indian Ocean
69008_20/10/2001,39.2,31.18,1024.108032,38.72,69008_20/10/2001,19.35,39.82,2001-10-20,Indian Ocean
56508_21/10/2001,178.7,19.105,1024.803955,34.75,56508_21/10/2001,-14.585,117.089,2001-10-21,Indian Ocean
56501_22/10/2001,1698.2,2.874,1027.620972,34.655,56501_22/10/2001,-25.361,104.543,2001-10-22,Indian Ocean
53554_22/10/2001,2142.7,2.387,1027.733032,34.742,53554_22/10/2001,-13.318,106.142,2001-10-22,Indian Ocean
1900085_23/10/2001,519.0,12.206,1026.646973,35.125,1900085_23/10/2001,-29.13,46.353,2001-10-23,Indian Ocean
1900086_23/10/2001,948.9,7.178,1027.015991,34.52,1900086_23/10/2001,-31.741,47.855,2001-10-23,Indian Ocean
53555_23/10/2001,259.6,13.313,1026.265991,34.917,53555_23/10/2001,-12.891,109.798,2001-10-23,Indian Ocean
53546_24/10/2001,799.0,5.908,1027.241943,34.592,53546_24/10/2001,-13.603,120.99,2001-10-24,Indian Ocean
1900084_24/10/2001,719.4,10.202,1026.770996,34.812,1900084_24/10/2001,-27.834,40.824,2001-10-24,Indian Ocean
69008_25/10/2001,49.3,30.8,1024.843018,39.52,69008_25/10/2001,19.32,39.79,2001-10-25,Indian Ocean
1900083_25/10/2001,1399.3,4.321,1027.422974,34.586,1900083_25/10/2001,-31.09,34.887,2001-10-25,Indian Ocean
56510_25/10/2001,179.2,20.015,1024.688965,34.908,56510_25/10/2001,-16.26,108.162,2001-10-25,Indian Ocean
56509_25/10/2001,8.7,21.81,1024.234985,34.951,56509_25/10/2001,-21.355,108.819,2001-10-25,Indian Ocean
53547_27/10/2001,737.4,7.587,1027.154053,34.769,53547_27/10/2001,-6.525,100.706,2001-10-27,Equatorial Region
5900146_28/10/2001,135.0,15.57,1025.56897,34.64,5900146_28/10/2001,-5.017,91.033,2001-10-28,Equatorial Region
5900145_28/10/2001,1963.0,2.73,1027.702026,34.74,5900145_28/10/2001,-4.966,93.157,2001-10-28,Equatorial Region
5900147_28/10/2001,860.0,6.91,1027.297974,34.83,5900147_28/10/2001,-5.032,95.078,2001-10-28,Equatorial Region
53548_28/10/2001,278.6,11.807,1027.465942,36.08,53548_28/10/2001,-15.091,115.697,2001-10-28,Indian Ocean
2900168_29/10/2001,379.2,11.994,1026.885986,35.38,2900168_29/10/2001,10.0,60.3,2001-10-29,Arabian Sea
69008_30/10/2001,39.2,31.35,1024.197998,38.92,69008_30/10/2001,19.33,39.76,2001-10-30,Indian Ocean
53553_30/10/2001,1498.6,3.323,1027.598022,34.678,53553_30/10/2001,-14.197,109.269,2001-10-30,Indian Ocean
56508_31/10/2001,2127.5,2.25,1027.75,34.749,56508_31/10/2001,-14.886,117.181,2001-10-31,Indian Ocean
53554_01/11/2001,2143.7,2.389,1027.732056,34.741,53554_01/11/2001,-13.335,105.991,2001-11-01,Indian Ocean
56501_01/11/2001,38.7,20.319,1024.91394,35.309,56501_01/11/2001,-24.823,104.401,2001-11-01,Indian Ocean
5900143_02/11/2001,737.7,7.276,1027.224976,34.803,5900143_02/11/2001,-4.302,90.173,2001-11-02,Equatorial Region
2900166_02/11/2001,29.2,28.26,1022.999023,35.914,2900166_02/11/2001,1.5,58.0,2001-11-02,Equatorial Region
5900144_02/11/2001,356.9,10.377,1026.795044,34.882,5900144_02/11/2001,-5.279,90.052,2001-11-02,Equatorial Region
53555_02/11/2001,246.9,12.229,1026.369995,34.774,53555_02/11/2001,-12.936,109.699,2001-11-02,Indian Ocean
1900085_02/11/2001,779.4,9.651,1026.822998,34.759,1900085_02/11/2001,-29.43,46.697,2001-11-02,Indian Ocean
1900086_02/11/2001,1399.3,3.556,1027.401978,34.461,1900086_02/11/2001,-31.774,47.866,2001-11-02,Indian Ocean
1900084_03/11/2001,299.3,15.328,1026.269043,35.479,1900084_03/11/2001,-28.57,41.05,2001-11-03,Indian Ocean
53546_03/11/2001,299.5,12.032,1026.352051,34.702,53546_03/11/2001,-13.386,121.053,2001-11-03,Indian Ocean
1900083_04/11/2001,69.2,20.695,1025.036987,35.603,1900083_04/11/2001,-31.343,34.803,2001-11-04,Indian Ocean
56509_04/11/2001,19.1,21.77,1024.295044,35.015,56509_04/11/2001,-21.263,108.953,2001-11-04,Indian Ocean
69008_04/11/2001,223.5,21.71,1028.594971,40.64,69008_04/11/2001,19.31,39.77,2001-11-04,Indian Ocean
56510_04/11/2001,59.2,24.453,1023.109009,34.472,56510_04/11/2001,-16.097,108.2,2001-11-04,Indian Ocean
53548_06/11/2001,457.3,8.436,1027.859985,35.831,53548_06/11/2001,-14.781,115.575,2001-11-06,Indian Ocean
53547_06/11/2001,49.5,28.582,1021.307007,33.804,53547_06/11/2001,-6.783,100.689,2001-11-06,Equatorial Region
2900168_07/11/2001,119.0,21.31,1025.041992,35.83,2900168_07/11/2001,9.77,60.432,2001-11-07,Equatorial Region
5900147_07/11/2001,1378.0,4.49,1027.551025,34.77,5900147_07/11/2001,-5.186,95.295,2001-11-07,Equatorial Region
5900145_07/11/2001,904.0,6.59,1027.310059,34.79,5900145_07/11/2001,-4.83,93.577,2001-11-07,Equatorial Region
5900146_07/11/2001,1137.0,5.4,1027.453979,34.78,5900146_07/11/2001,-4.775,91.268,2001-11-07,Equatorial Region
2900167_09/11/2001,359.2,11.14,1026.866943,35.15,2900167_09/11/2001,7.428,63.488,2001-11-09,Equatorial Region
53553_09/11/2001,1698.1,2.941,1027.655029,34.705,53553_09/11/2001,-14.371,109.458,2001-11-09,Indian Ocean
69008_09/11/2001,29.2,30.62,1024.71106,39.26,69008_09/11/2001,19.29,39.77,2001-11-09,Indian Ocean
56508_10/11/2001,12.1,27.485,1022.030029,34.29,56508_10/11/2001,-15.163,117.142,2001-11-10,Indian Ocean
56501_11/11/2001,338.5,14.24,1026.505981,35.478,56501_11/11/2001,-24.537,104.499,2001-11-11,Indian Ocean
53554_11/11/2001,1399.2,3.694,1027.56897,34.687,53554_11/11/2001,-12.899,105.866,2001-11-11,Indian Ocean
1900086_12/11/2001,779.1,9.666,1026.821045,34.76,1900086_12/11/2001,-31.911,47.98,2001-11-12,Indian Ocean
53555_12/11/2001,859.3,5.537,1027.317993,34.63,53555_12/11/2001,-13.231,109.513,2001-11-12,Indian Ocean
5900144_12/11/2001,1503.2,3.972,1027.593994,34.755,5900144_12/11/2001,-5.143,90.351,2001-11-12,Equatorial Region
1900085_12/11/2001,824.2,9.263,1026.854004,34.717,1900085_12/11/2001,-29.39,47.409,2001-11-12,Indian Ocean
5900143_12/11/2001,1496.8,3.918,1027.619995,34.78,5900143_12/11/2001,-3.938,90.399,2001-11-12,Equatorial Region
53546_13/11/2001,1798.0,2.698,1027.682983,34.713,53546_13/11/2001,-13.323,121.077,2001-11-13,Indian Ocean
1900084_13/11/2001,779.3,9.031,1026.855957,34.671,1900084_13/11/2001,-28.45,41.295,2001-11-13,Indian Ocean
1900083_14/11/2001,799.4,9.209,1026.855957,34.708,1900083_14/11/2001,-31.367,34.812,2001-11-14,Indian Ocean
56510_14/11/2001,79.1,23.468,1023.531982,34.647,56510_14/11/2001,-16.247,108.164,2001-11-14,Indian Ocean
56509_14/11/2001,1197.4,3.937,1027.490967,34.621,56509_14/11/2001,-21.428,109.047,2001-11-14,Indian Ocean
53547_16/11/2001,498.8,9.081,1026.947021,34.797,53547_16/11/2001,-7.153,100.672,2001-11-16,Equatorial Region
5900147_17/11/2001,1218.0,4.93,1027.500977,34.77,5900147_17/11/2001,-5.162,95.584,2001-11-17,Equatorial Region
5900145_17/11/2001,102.0,19.31,1024.697998,34.68,5900145_17/11/2001,-5.038,93.922,2001-11-17,Equatorial Region
5900146_17/11/2001,1.0,28.38,1021.80603,34.38,5900146_17/11/2001,-4.819,91.645,2001-11-17,Equatorial Region
53548_17/11/2001,1844.3,2.595,1028.709961,35.986,53548_17/11/2001,-14.748,115.633,2001-11-17,Indian Ocean
2900168_17/11/2001,19.4,28.539,1023.302979,36.441,2900168_17/11/2001,9.497,60.648,2001-11-17,Equatorial Region
2900167_19/11/2001,139.3,15.243,1026.072021,35.198,2900167_19/11/2001,7.26,63.287,2001-11-19,Equatorial Region
69008_19/11/2001,223.5,21.68,1028.610962,40.65,69008_19/11/2001,19.2,39.7,2001-11-19,Indian Ocean
53553_19/11/2001,1898.5,2.66,1023.921997,30.0,53553_19/11/2001,-14.642,109.489,2001-11-19,Indian Ocean
2900164_20/11/2001,109.7,15.765,1026.025024,35.29,2900164_20/11/2001,5.286,59.843,2001-11-20,Equatorial Region
56508_20/11/2001,158.3,19.27,1024.72998,34.708,56508_20/11/2001,-15.207,117.425,2001-11-20,Indian Ocean
53554_21/11/2001,2140.1,2.255,1027.744019,34.742,53554_21/11/2001,-12.431,105.673,2001-11-21,Indian Ocean
56501_21/11/2001,1497.2,3.222,1027.57605,34.638,56501_21/11/2001,-24.49,104.647,2001-11-21,Indian Ocean
2900165_22/11/2001,149.5,14.833,1026.177979,35.218,2900165_22/11/2001,-0.888,59.369,2001-11-22,Equatorial Region
53555_22/11/2001,799.8,5.91,1027.276978,34.637,53555_22/11/2001,-13.631,109.355,2001-11-22,Indian Ocean
5900143_22/11/2001,456.6,9.918,1026.920044,34.941,5900143_22/11/2001,-3.804,90.795,2001-11-22,Equatorial Region
2900166_22/11/2001,179.3,13.498,1026.416992,35.161,2900166_22/11/2001,1.279,59.772,2001-11-22,Equatorial Region
1900085_22/11/2001,1699.1,2.899,1027.589966,34.619,1900085_22/11/2001,-29.739,47.885,2001-11-22,Indian Ocean
5900144_22/11/2001,116.4,18.604,1025.077026,34.94,5900144_22/11/2001,-5.02,90.674,2001-11-22,Equatorial Region
1900086_22/11/2001,579.1,11.498,1026.697998,35.018,1900086_22/11/2001,-31.999,47.943,2001-11-22,Indian Ocean
53546_23/11/2001,559.9,7.467,1027.026978,34.586,53546_23/11/2001,-13.318,121.2,2001-11-23,Indian Ocean
1900084_23/11/2001,319.0,15.566,1026.218018,35.482,1900084_23/11/2001,-28.395,42.301,2001-11-23,Indian Ocean
56509_24/11/2001,1297.0,3.813,1027.509033,34.627,56509_24/11/2001,-21.812,109.128,2001-11-24,Indian Ocean
1900083_24/11/2001,639.5,11.316,1026.702026,34.979,1900083_24/11/2001,-31.274,34.569,2001-11-24,Indian Ocean
56510_25/11/2001,2421.8,2.034,1027.75,34.727,56510_25/11/2001,-16.355,108.392,2001-11-25,Indian Ocean
53547_26/11/2001,1998.8,2.655,1027.706055,34.737,53547_26/11/2001,-6.979,101.078,2001-11-26,Equatorial Region
5900147_27/11/2001,244.0,12.27,1026.514038,34.97,5900147_27/11/2001,-5.122,95.716,2001-11-27,Equatorial Region
5900145_27/11/2001,1347.0,4.57,1027.557983,34.79,5900145_27/11/2001,-4.886,94.397,2001-11-27,Equatorial Region
2900168_27/11/2001,119.2,21.683,1024.94397,35.837,2900168_27/11/2001,9.313,60.849,2001-11-27,Equatorial Region
5900146_27/11/2001,66.0,26.79,1023.111023,35.43,5900146_27/11/2001,-4.867,92.057,2001-11-27,Equatorial Region
53548_27/11/2001,357.7,10.462,1027.671021,36.024,53548_27/11/2001,-14.767,115.499,2001-11-27,Indian Ocean
2900167_29/11/2001,69.6,25.86,1024.072998,36.317,2900167_29/11/2001,7.147,63.003,2001-11-29,Equatorial Region
53553_29/11/2001,858.9,5.858,1027.274048,34.624,53553_29/11/2001,-14.689,109.571,2001-11-29,Indian Ocean
69008_29/11/2001,74.5,27.94,1025.489014,39.08,69008_29/11/2001,19.08,39.61,2001-11-29,Indian Ocean
2900164_30/11/2001,739.3,9.401,1027.217041,35.21,2900164_30/11/2001,5.556,59.597,2001-11-30,Equatorial Region
56508_30/11/2001,358.2,11.749,1026.625977,34.985,56508_30/11/2001,-15.094,117.265,2001-11-30,Indian Ocean
2900166_01/12/2001,29.2,28.317,1022.882019,35.783,2900166_01/12/2001,1.473,60.534,2001-12-01,Equatorial Region
56501_01/12/2001,479.0,10.642,1026.755005,34.89,56501_01/12/2001,-24.765,104.52,2001-12-01,Indian Ocean
53554_01/12/2001,1253.8,3.951,1027.529053,34.67,53554_01/12/2001,-12.379,105.747,2001-12-01,Indian Ocean
5900144_02/12/2001,436.2,9.853,1026.878052,34.873,5900144_02/12/2001,-4.848,90.764,2001-12-02,Equatorial Region
5900143_02/12/2001,1096.8,5.897,1027.444946,34.847,5900143_02/12/2001,-3.825,90.981,2001-12-02,Equatorial Region
1900086_02/12/2001,178.8,16.031,1026.171997,35.559,1900086_02/12/2001,-32.111,47.786,2001-12-02,Indian Ocean
1900085_02/12/2001,9.2,22.811,1024.467041,35.629,1900085_02/12/2001,-29.798,48.354,2001-12-02,Indian Ocean
2900165_02/12/2001,419.4,9.957,1026.948975,34.986,2900165_02/12/2001,-0.684,60.117,2001-12-02,Equatorial Region
53555_02/12/2001,2165.6,2.286,1027.739014,34.738,53555_02/12/2001,-13.803,109.222,2001-12-02,Indian Ocean
53546_03/12/2001,1998.3,2.428,1024.094971,30.195,53546_03/12/2001,-13.548,121.177,2001-12-03,Indian Ocean
1900083_04/12/2001,149.2,17.875,1025.812988,35.665,1900083_04/12/2001,-31.525,35.122,2001-12-04,Indian Ocean
69008_04/12/2001,174.1,21.99,1028.446045,40.55,69008_04/12/2001,19.1,39.58,2001-12-04,Indian Ocean
56509_04/12/2001,477.4,9.958,1026.796021,34.79,56509_04/12/2001,-22.144,109.037,2001-12-04,Indian Ocean
56510_05/12/2001,1098.6,4.731,1027.416016,34.634,56510_05/12/2001,-16.301,108.583,2001-12-05,Indian Ocean
53548_06/12/2001,79.0,21.829,1024.786011,35.682,53548_06/12/2001,-14.537,115.461,2001-12-06,Indian Ocean
53547_06/12/2001,2209.0,2.332,1027.727051,34.728,53547_06/12/2001,-7.006,101.224,2001-12-06,Equatorial Region
5900147_07/12/2001,159.0,19.14,1024.817993,34.78,5900147_07/12/2001,-5.06,96.041,2001-12-07,Equatorial Region
5900146_07/12/2001,19.0,28.5,1021.646973,34.22,5900146_07/12/2001,-6.352,96.497,2001-12-07,Equatorial Region
5900145_07/12/2001,177.0,15.75,1025.689941,34.85,5900145_07/12/2001,-4.839,94.978,2001-12-07,Equatorial Region
2900168_07/12/2001,1598.8,4.303,1027.66394,34.887,2900168_07/12/2001,9.309,60.992,2001-12-07,Equatorial Region
2900167_09/12/2001,579.2,10.122,1027.130981,35.255,2900167_09/12/2001,7.089,62.598,2001-12-09,Equatorial Region
69008_09/12/2001,6.0,29.64,1024.937988,39.11,69008_09/12/2001,19.15,39.52,2001-12-09,Indian Ocean
53553_09/12/2001,1099.0,4.776,1027.401001,34.621,53553_09/12/2001,-14.336,109.76,2001-12-09,Indian Ocean
2900164_10/12/2001,259.6,11.588,1026.754028,35.111,2900164_10/12/2001,5.685,59.218,2001-12-10,Equatorial Region
56508_10/12/2001,258.3,15.016,1026.055054,35.111,56508_10/12/2001,-15.142,116.868,2001-12-10,Indian Ocean
1900086_11/12/2001,418.8,13.362,1026.552979,35.301,1900086_11/12/2001,-32.28,47.694,2001-12-11,Indian Ocean
53554_11/12/2001,1631.1,3.08,1027.661011,34.729,53554_11/12/2001,-12.566,106.128,2001-12-11,Indian Ocean
56501_11/12/2001,2315.6,2.123,1027.744019,34.728,56501_11/12/2001,-24.657,104.373,2001-12-11,Indian Ocean
2900165_12/12/2001,149.6,15.084,1026.112061,35.204,2900165_12/12/2001,-0.866,60.611,2001-12-12,Equatorial Region
2900166_12/12/2001,1399.2,5.013,1027.588989,34.893,2900166_12/12/2001,1.286,60.819,2001-12-12,Equatorial Region
1900103_12/12/2001,699.3,1.847,1027.754028,34.713,1900103_12/12/2001,-52.474,21.296,2001-12-12,Indian Ocean
53555_12/12/2001,2172.2,2.288,1027.739014,34.739,53555_12/12/2001,-13.512,109.315,2001-12-12,Indian Ocean
5900144_12/12/2001,196.0,13.127,1026.303955,34.918,5900144_12/12/2001,-4.848,90.807,2001-12-12,Equatorial Region
5900143_12/12/2001,176.6,14.264,1025.977051,34.8,5900143_12/12/2001,-3.951,91.03,2001-12-12,Equatorial Region
1900085_12/12/2001,1399.1,3.729,1027.395996,34.475,1900085_12/12/2001,-29.948,48.561,2001-12-12,Indian Ocean
1900101_12/12/2001,699.0,2.494,1027.530029,34.499,1900101_12/12/2001,-49.372,21.346,2001-12-12,Indian Ocean
1900102_12/12/2001,6.6,2.326,1027.051025,33.883,1900102_12/12/2001,-50.713,21.296,2001-12-12,Indian Ocean
2900080_13/12/2001,199.3,12.757,1026.574951,35.171,2900080_13/12/2001,5.139,63.844,2001-12-13,Equatorial Region
2900079_13/12/2001,59.3,23.96,1024.026001,35.49,2900079_13/12/2001,0.09,63.84,2001-12-13,Equatorial Region
53546_13/12/2001,1599.0,3.217,1027.610962,34.682,53546_13/12/2001,-13.508,121.164,2001-12-13,Indian Ocean
1900083_14/12/2001,899.3,8.712,1026.901001,34.664,1900083_14/12/2001,-31.667,35.342,2001-12-14,Indian Ocean
69008_14/12/2001,149.0,22.61,1028.250977,40.53,69008_14/12/2001,19.21,39.39,2001-12-14,Indian Ocean
56509_14/12/2001,1697.6,2.885,1027.646973,34.688,56509_14/12/2001,-22.494,108.948,2001-12-14,Indian Ocean
56510_14/12/2001,19.8,26.104,1022.468994,34.292,56510_14/12/2001,-16.307,108.707,2001-12-14,Indian Ocean
53547_16/12/2001,29.3,28.926,1021.596008,34.341,53547_16/12/2001,-7.144,101.349,2001-12-16,Equatorial Region
5900145_17/12/2001,988.0,6.11,1027.373047,34.79,5900145_17/12/2001,-4.667,95.519,2001-12-17,Equatorial Region
5900146_17/12/2001,663.0,8.13,1027.10498,34.81,5900146_17/12/2001,-6.311,96.338,2001-12-17,Equatorial Region
5900147_17/12/2001,883.0,6.61,1027.307007,34.79,5900147_17/12/2001,-4.904,96.292,2001-12-17,Equatorial Region
2900168_17/12/2001,149.2,15.92,1026.041016,35.356,2900168_17/12/2001,9.05,61.171,2001-12-17,Equatorial Region
53548_17/12/2001,318.8,10.988,1027.620972,36.082,53548_17/12/2001,-14.245,115.385,2001-12-17,Indian Ocean
2900161_18/12/2001,79.6,24.836,1024.223022,36.098,2900161_18/12/2001,20.219,63.909,2001-12-18,Arabian Sea
2900159_18/12/2001,1999.3,3.068,1027.745972,34.834,2900159_18/12/2001,13.925,64.27,2001-12-18,Arabian Sea
2900080_18/12/2001,248.8,12.448,1026.630981,35.165,2900080_18/12/2001,5.023,63.625,2001-12-18,Equatorial Region
2900079_18/12/2001,223.3,12.99,1026.473022,35.1,2900079_18/12/2001,-0.34,63.65,2001-12-18,Equatorial Region
69008_19/12/2001,324.2,21.6,1028.656982,40.68,69008_19/12/2001,19.24,39.33,2001-12-19,Indian Ocean
2900167_19/12/2001,109.4,15.396,1026.051025,35.215,2900167_19/12/2001,6.857,62.363,2001-12-19,Equatorial Region
53553_19/12/2001,605.9,7.691,1027.027954,34.628,53553_19/12/2001,-13.923,109.863,2001-12-19,Indian Ocean
2900163_19/12/2001,119.1,20.761,1025.302979,35.975,2900163_19/12/2001,16.962,67.011,2001-12-19,Arabian Sea
1900102_19/12/2001,479.4,2.423,1027.465942,34.412,1900102_19/12/2001,-50.128,21.693,2001-12-19,Indian Ocean
1900101_19/12/2001,269.1,2.678,1027.198975,34.105,1900101_19/12/2001,-48.534,22.427,2001-12-19,Indian Ocean
2900162_19/12/2001,719.5,10.598,1027.279053,35.552,2900162_19/12/2001,17.042,60.746,2001-12-19,Arabian Sea
1900103_19/12/2001,209.0,0.295,1027.511963,34.283,1900103_19/12/2001,-52.495,21.709,2001-12-19,Indian Ocean
56508_20/12/2001,338.2,11.844,1026.609985,34.988,56508_20/12/2001,-15.279,116.685,2001-12-20,Indian Ocean
2900164_20/12/2001,79.5,18.011,1025.555054,35.372,2900164_20/12/2001,5.785,59.092,2001-12-20,Equatorial Region
56501_21/12/2001,858.6,4.941,1027.281982,34.495,56501_21/12/2001,-24.606,104.214,2001-12-21,Indian Ocean
5900143_22/12/2001,1096.9,5.751,1027.452026,34.833,5900143_22/12/2001,-4.118,91.216,2001-12-22,Equatorial Region
1900085_22/12/2001,9.6,24.173,1024.035034,35.585,1900085_22/12/2001,-29.698,48.951,2001-12-22,Indian Ocean
1900086_22/12/2001,2008.8,2.603,1027.671997,34.688,1900086_22/12/2001,-32.388,47.396,2001-12-22,Indian Ocean
2900166_22/12/2001,1799.2,3.243,1027.704956,34.803,2900166_22/12/2001,1.129,61.607,2001-12-22,Equatorial Region
5900144_22/12/2001,1145.7,5.27,1027.468018,34.778,5900144_22/12/2001,-4.984,91.157,2001-12-22,Equatorial Region
53555_22/12/2001,2162.6,2.219,1027.744995,34.739,53555_22/12/2001,-13.259,109.347,2001-12-22,Indian Ocean
2900165_22/12/2001,359.2,10.844,1026.802002,34.997,2900165_22/12/2001,-0.97,60.764,2001-12-22,Equatorial Region
2900079_23/12/2001,348.2,10.46,1026.848999,34.97,2900079_23/12/2001,-0.53,63.64,2001-12-23,Equatorial Region
2900080_23/12/2001,399.3,10.826,1026.884033,35.098,2900080_23/12/2001,4.91,63.375,2001-12-23,Equatorial Region
53546_23/12/2001,1898.6,2.509,1027.707031,34.722,53546_23/12/2001,-13.321,121.238,2001-12-23,Indian Ocean
69008_24/12/2001,650.0,21.54,1028.688965,40.7,69008_24/12/2001,19.36,39.2,2001-12-24,Indian Ocean
1900083_24/12/2001,2001.7,2.866,1027.670044,34.715,1900083_24/12/2001,-31.642,35.705,2001-12-24,Indian Ocean
56509_24/12/2001,238.1,18.016,1025.852051,35.761,56509_24/12/2001,-22.604,108.899,2001-12-24,Indian Ocean
56510_25/12/2001,53.2,25.959,1022.518982,34.299,56510_25/12/2001,-16.499,108.654,2001-12-25,Indian Ocean
53547_26/12/2001,78.7,28.398,1022.138,34.83,53547_26/12/2001,-7.117,101.357,2001-12-26,Equatorial Region
1900102_26/12/2001,229.2,1.383,1027.235962,34.025,1900102_26/12/2001,-49.804,22.218,2001-12-26,Indian Ocean
1900103_26/12/2001,99.1,0.999,1027.363037,34.151,1900103_26/12/2001,-52.413,22.142,2001-12-26,Indian Ocean
1900101_26/12/2001,129.0,2.627,1027.027954,33.886,1900101_26/12/2001,-47.707,24.129,2001-12-26,Indian Ocean
53548_27/12/2001,1798.9,2.68,1028.774048,36.075,53548_27/12/2001,-14.171,115.135,2001-12-27,Indian Ocean
5900147_27/12/2001,1823.0,2.89,1027.696045,34.75,5900147_27/12/2001,-5.125,96.446,2001-12-27,Equatorial Region
5900145_27/12/2001,83.0,28.2,1022.692017,35.48,5900145_27/12/2001,-4.808,95.683,2001-12-27,Equatorial Region
2900168_27/12/2001,278.7,12.316,1026.758057,35.295,2900168_27/12/2001,8.713,61.184,2001-12-27,Equatorial Region
5900146_27/12/2001,1646.0,3.38,1027.641968,34.74,5900146_27/12/2001,-6.41,96.02,2001-12-27,Equatorial Region
2900161_28/12/2001,189.2,17.152,1026.07605,35.778,2900161_28/12/2001,20.168,63.843,2001-12-28,Arabian Sea
2900159_28/12/2001,1999.8,3.068,1027.749023,34.837,2900159_28/12/2001,14.011,64.549,2001-12-28,Arabian Sea
2900079_28/12/2001,298.9,11.61,1026.709961,35.06,2900079_28/12/2001,-0.39,63.72,2001-12-28,Equatorial Region
2900080_28/12/2001,824.2,8.487,1027.290039,35.115,2900080_28/12/2001,4.754,63.104,2001-12-28,Equatorial Region
2900163_29/12/2001,478.9,12.604,1027.004028,35.685,2900163_29/12/2001,16.947,67.049,2001-12-29,Arabian Sea
53553_29/12/2001,1698.8,2.917,1027.660034,34.708,53553_29/12/2001,-13.923,109.867,2001-12-29,Indian Ocean
69008_29/12/2001,74.5,28.69,1025.728027,39.73,69008_29/12/2001,19.39,39.08,2001-12-29,Indian Ocean
2900162_29/12/2001,1499.2,5.034,1027.670044,34.998,2900162_29/12/2001,17.106,60.576,2001-12-29,Arabian Sea
56508_30/12/2001,338.1,11.689,1026.603027,34.941,56508_30/12/2001,-15.456,116.884,2001-12-30,Indian Ocean
56501_31/12/2001,318.6,14.058,1026.516968,35.442,56501_31/12/2001,-24.567,104.11,2001-12-31,Indian Ocean
2900164_31/12/2001,9.3,27.865,1023.031982,35.786,2900164_31/12/2001,5.919,58.815,2001-12-31,Equatorial Region
