date,depth,temperature,density,salinity,latitude,longitude,region
2001-01-01,857.6,5.323,1027.348022,34.635,-15.252,114.304,Indian Ocean
2001-01-03,558.2,7.994,1026.98999,34.637,-14.046,107.97,Indian Ocean
2001-01-03,585.3,21.54,1028.598022,40.58,18.18,39.59,Indian Ocean
2001-01-03,299.1,21.52,1028.535034,40.49,24.9,35.01,Indian Ocean
2001-01-04,678.1,6.792,1027.147949,34.62,-15.329,118.507,Indian Ocean
2001-01-05,338.7,10.579,1026.578003,34.649,-12.592,107.575,Indian Ocean
2001-01-05,18.6,23.354,1023.866028,35.044,-23.162,110.352,Indian Ocean
2001-01-06,127.6,22.669,1023.53302,34.345,-11.256,112.566,Indian Ocean
2001-01-07,2103.9,2.295,1027.719971,34.716,-14.158,120.41,Indian Ocean
2001-01-08,2148.6,2.278,1027.72998,34.727,-16.285,108.783,Indian Ocean
2001-01-08,5.0,27.8,1024.932007,38.28,18.19,39.58,Indian Ocean
2001-01-08,239.7,21.62,1028.499023,40.48,24.86,35.01,Indian Ocean
2001-01-08,1697.7,2.883,1027.649048,34.691,-20.997,107.808,Indian Ocean
2001-01-10,1997.3,2.596,1027.71106,34.737,-7.419,101.661,Equatorial Region
2001-01-11,88.9,23.436,1023.578003,34.695,-14.745,114.347,Indian Ocean
2001-01-13,179.4,19.35,1024.769043,34.786,-14.025,107.988,Indian Ocean
2001-01-13,599.5,21.54,1028.598022,40.58,18.11,39.63,Indian Ocean
2001-01-14,1697.4,2.937,1027.651978,34.701,-15.087,118.744,Indian Ocean
2001-01-15,1198.1,4.412,1027.453003,34.636,-12.651,107.521,Indian Ocean
2001-01-15,19.3,23.732,1023.708008,34.981,-23.332,110.326,Indian Ocean
2001-01-16,998.8,5.407,1027.334961,34.631,-11.331,112.586,Indian Ocean
2001-01-17,618.9,7.183,1027.072021,34.592,-14.193,120.274,Indian Ocean
2001-01-18,797.2,5.931,1027.286011,34.651,-16.472,108.626,Indian Ocean
2001-01-18,249.6,21.68,1028.526978,40.54,18.05,39.65,Indian Ocean
2001-01-18,438.8,10.679,1026.750977,34.894,-20.943,107.714,Indian Ocean
2001-01-20,737.1,7.162,1027.198975,34.75,-7.356,101.859,Equatorial Region
2001-01-21,158.0,18.478,1024.905029,34.674,-14.166,114.299,Indian Ocean
2001-01-23,918.6,5.348,1027.338989,34.627,-14.01,108.151,Indian Ocean
2001-01-23,99.6,24.09,1027.255005,39.8,17.95,39.69,Indian Ocean
2001-01-24,1097.0,4.713,1027.405029,34.618,-15.355,118.754,Indian Ocean
2001-01-24,857.3,5.55,1027.291016,34.597,-23.418,110.222,Indian Ocean
2001-01-25,258.7,12.67,1026.23999,34.717,-12.834,107.426,Indian Ocean
2001-01-26,678.5,7.184,1027.130005,34.666,-10.766,112.496,Indian Ocean
2001-01-27,438.3,9.156,1026.82605,34.659,-14.168,120.305,Indian Ocean
2001-01-28,237.8,17.002,1026.088013,35.746,-20.875,107.587,Indian Ocean
2001-01-28,6.0,26.2,1025.214966,37.97,17.81,39.75,Indian Ocean
2001-01-29,498.1,8.361,1026.925049,34.625,-16.414,108.577,Indian Ocean
2001-01-30,59.0,28.594,1021.447021,33.995,-7.25,102.119,Equatorial Region
2001-01-31,437.4,8.907,1026.969971,34.791,-13.689,114.073,Indian Ocean
2001-02-02,798.4,6.121,1027.250977,34.638,-14.076,108.264,Indian Ocean
2001-02-02,5.0,26.91,1025.334961,38.43,17.77,39.74,Indian Ocean
2001-02-03,278.6,14.068,1026.162964,34.986,-15.552,118.517,Indian Ocean
2001-02-04,1997.7,2.422,1027.708008,34.714,-23.462,110.054,Indian Ocean
2001-02-04,299.2,11.752,1026.488037,34.809,-12.987,107.455,Indian Ocean
2001-02-05,1498.6,3.334,1027.608032,34.692,-10.433,112.333,Indian Ocean
2001-02-06,1998.7,2.442,1027.706055,34.714,-14.161,120.222,Indian Ocean
2001-02-07,99.6,23.5,1027.713989,40.17,17.78,39.77,Indian Ocean
2001-02-07,317.6,13.319,1026.572998,35.315,-21.024,107.559,Indian Ocean
2001-02-08,6.1,27.385,1021.898987,34.074,-16.354,108.427,Indian Ocean
2001-02-09,2189.3,2.491,1027.718994,34.735,-7.102,102.38,Equatorial Region
2001-02-10,338.3,11.137,1026.75,34.999,-13.457,114.041,Indian Ocean
2001-02-12,618.8,6.953,1027.142944,34.641,-14.146,108.395,Indian Ocean
2001-02-12,29.2,26.53,1025.525024,38.52,17.77,39.79,Indian Ocean
2001-02-13,677.3,6.946,1027.128052,34.621,-15.924,118.215,Indian Ocean
2001-02-14,677.8,7.135,1027.012939,34.508,-23.369,109.743,Indian Ocean
2001-02-14,298.8,12.576,1026.255981,34.714,-13.074,107.68,Indian Ocean
2001-02-15,338.7,10.188,1026.634033,34.633,-10.457,112.184,Indian Ocean
2001-02-16,158.0,21.159,1024.064941,34.492,-14.335,119.96,Indian Ocean
2001-02-17,1998.1,2.508,1027.706055,34.721,-16.323,108.276,Indian Ocean
2001-02-17,1890.8,2.447,1027.704956,34.713,-21.158,107.673,Indian Ocean
2001-02-17,374.6,21.54,1028.620972,40.61,17.79,39.85,Indian Ocean
2001-02-19,398.4,9.454,1026.796021,34.682,-6.961,102.611,Equatorial Region
2001-02-20,798.4,5.775,1027.573975,34.99,-13.754,114.271,Indian Ocean
2001-02-22,478.6,8.729,1026.895996,34.661,-14.009,108.523,Indian Ocean
2001-02-22,174.1,21.83,1028.453979,40.5,17.79,39.82,Indian Ocean
2001-02-23,2122.2,2.365,1027.723022,34.727,-16.259,118.161,Indian Ocean
2001-02-24,918.6,5.352,1027.328979,34.615,-13.004,107.814,Indian Ocean
2001-02-24,438.8,10.613,1026.750977,34.879,-23.325,109.405,Indian Ocean
2001-02-25,379.2,9.854,1026.694946,34.639,-10.723,112.275,Indian Ocean
2001-02-26,152.7,20.818,1024.152954,34.486,-14.174,120.12,Indian Ocean
2001-02-27,9.1,26.36,1025.291992,38.14,17.79,39.79,Indian Ocean
2001-02-27,18.9,27.057,1022.453979,34.671,-16.449,108.127,Indian Ocean
2001-02-27,298.5,13.591,1026.550049,35.358,-21.246,107.877,Indian Ocean
2001-03-01,157.6,14.605,1025.682007,34.512,-6.768,102.802,Equatorial Region
2001-03-02,478.6,8.187,1027.394043,35.189,-14.083,114.168,Indian Ocean
2001-03-04,517.7,21.53,1028.630981,40.62,17.82,39.76,Indian Ocean
2001-03-04,159.6,18.226,1025.057983,34.792,-13.998,108.554,Indian Ocean
2001-03-05,1798.2,2.874,1027.661987,34.706,-15.898,118.405,Indian Ocean
2001-03-06,738.7,6.235,1027.222046,34.619,-12.779,107.986,Indian Ocean
2001-03-06,1998.2,2.356,1027.714966,34.716,-23.054,109.036,Indian Ocean
2001-03-07,398.7,9.493,1026.714966,34.587,-10.951,112.312,Indian Ocean
2001-03-08,1798.0,2.796,1027.66394,34.7,-14.074,120.179,Indian Ocean
2001-03-09,217.9,17.75,1025.962036,35.818,-21.478,108.067,Indian Ocean
2001-03-09,19.1,26.32,1025.124023,37.9,17.83,39.76,Indian Ocean
2001-03-09,18.9,27.405,1022.351013,34.682,-16.511,107.796,Indian Ocean
2001-03-11,11.4,28.554,1021.523987,34.081,-6.711,103.14,Equatorial Region
2001-03-12,198.1,15.012,1026.265015,35.382,-14.307,113.874,Indian Ocean
2001-03-14,859.0,5.733,1027.291992,34.628,-13.976,108.489,Indian Ocean
2001-03-14,39.2,25.53,1025.425049,37.97,17.88,39.76,Indian Ocean
2001-03-15,11.6,30.025,1021.267029,34.396,-15.47,118.492,Indian Ocean
2001-03-16,1698.5,2.788,1027.656982,34.69,-22.95,108.521,Indian Ocean
2001-03-16,998.1,4.985,1027.375,34.619,-12.714,108.162,Indian Ocean
2001-03-17,258.6,12.791,1026.053955,34.508,-10.983,112.054,Indian Ocean
2001-03-18,299.3,13.022,1026.227051,34.791,-13.955,120.171,Indian Ocean
2001-03-19,99.6,23.23,1027.863037,40.26,17.93,39.71,Indian Ocean
2001-03-19,1998.4,2.585,1027.699951,34.721,-16.67,107.703,Indian Ocean
2001-03-19,477.6,9.701,1026.80896,34.751,-21.651,108.036,Indian Ocean
2001-03-21,99.3,27.219,1022.223022,34.433,-7.1,103.603,Equatorial Region
2001-03-22,48.3,23.31,1023.763,34.891,-14.554,113.727,Indian Ocean
2001-03-24,439.3,9.567,1026.822021,34.74,-14.094,108.348,Indian Ocean
2001-03-24,599.5,21.53,1028.645996,40.64,18.07,39.67,Indian Ocean
2001-03-25,798.4,5.981,1027.251953,34.616,-15.281,118.416,Indian Ocean
2001-03-26,1098.4,4.481,1027.422974,34.608,-22.909,108.121,Indian Ocean
2001-03-26,358.9,10.347,1026.686035,34.735,-12.721,108.324,Indian Ocean
2001-03-27,418.5,9.155,1026.77002,34.587,-10.862,111.901,Indian Ocean
2001-03-28,1598.0,3.281,1027.595947,34.671,-13.943,120.202,Indian Ocean
2001-03-29,5.1,25.026,1023.34198,35.009,-21.696,107.976,Indian Ocean
2001-03-29,118.5,21.89,1024.292969,35.056,-16.78,107.811,Indian Ocean
2001-03-29,648.9,21.54,1028.651001,40.65,18.17,39.62,Indian Ocean
2001-03-31,218.0,13.771,1026.729004,35.638,-14.868,113.848,Indian Ocean
2001-03-31,678.0,7.827,1027.157959,34.819,-7.1,103.309,Equatorial Region
2001-04-03,179.5,17.637,1025.287964,34.904,-14.195,108.325,Indian Ocean
2001-04-03,6.0,28.09,1024.399048,37.7,18.25,39.6,Indian Ocean
2001-04-04,1798.3,2.74,1027.68103,34.715,-15.287,118.328,Indian Ocean
2001-04-05,1097.7,4.802,1027.392944,34.615,-12.836,108.426,Indian Ocean
2001-04-05,2173.6,2.194,1027.733032,34.722,-22.82,107.926,Indian Ocean
2001-04-06,118.7,21.359,1023.994019,34.47,-10.869,112.209,Indian Ocean
2001-04-07,558.6,7.722,1026.994019,34.591,-13.881,120.291,Indian Ocean
2001-04-08,918.5,5.277,1027.328979,34.604,-21.74,108.1,Indian Ocean
2001-04-08,50.3,26.65,1025.297974,38.27,18.27,39.58,Indian Ocean
2001-04-08,2123.8,2.391,1027.719971,34.726,-16.852,107.993,Indian Ocean
2001-04-10,397.7,9.997,1026.838989,34.854,-7.097,103.071,Equatorial Region
2001-04-11,198.7,16.674,1026.469971,36.142,-15.077,114.206,Indian Ocean
2001-04-13,399.8,21.53,1028.654053,40.65,18.26,39.53,Indian Ocean
2001-04-13,179.8,17.46,1025.135986,34.649,-14.134,108.469,Indian Ocean
2001-04-14,358.0,10.253,1026.661011,34.682,-15.558,118.242,Indian Ocean
2001-04-15,238.1,16.97,1026.077026,35.722,-22.72,107.75,Indian Ocean
2001-04-15,738.0,6.678,1027.167969,34.625,-12.862,108.587,Indian Ocean
2001-04-16,2142.1,2.28,1027.73999,34.739,-11.14,112.233,Indian Ocean
2001-04-17,858.5,6.013,1027.22998,34.594,-13.893,120.467,Indian Ocean
2001-04-18,49.3,26.78,1025.338989,38.38,18.25,39.45,Indian Ocean
2001-04-18,417.5,11.443,1026.708984,35.018,-21.81,108.201,Indian Ocean
2001-04-18,19.1,28.1,1021.872009,34.346,-16.775,108.08,Indian Ocean
2001-04-20,498.2,9.218,1026.953003,34.834,-7.109,103.15,Equatorial Region
2001-04-21,3.3,28.84,1021.999023,34.839,-14.84,114.484,Indian Ocean
2001-04-23,174.1,21.83,1028.484985,40.54,18.27,39.4,Indian Ocean
2001-04-23,2053.8,2.508,1027.713013,34.73,-14.034,108.692,Indian Ocean
2001-04-24,158.9,19.647,1024.504028,34.539,-15.508,118.299,Indian Ocean
2001-04-25,498.6,9.246,1026.831055,34.684,-22.79,107.73,Indian Ocean
2001-04-25,2129.5,2.411,1027.725952,34.735,-12.828,108.74,Indian Ocean
2001-04-26,338.8,10.564,1026.569946,34.635,-11.493,112.076,Indian Ocean
2001-04-27,358.7,10.008,1026.68396,34.658,-13.824,120.545,Indian Ocean
2001-04-28,1097.7,4.768,1027.417969,34.642,-16.628,108.025,Indian Ocean
2001-04-28,542.0,21.54,1028.666992,40.67,18.29,39.34,Indian Ocean
2001-04-28,18.6,25.946,1022.952026,34.867,-21.74,108.36,Indian Ocean
2001-04-30,178.8,13.95,1025.876953,34.584,-7.167,103.041,Equatorial Region
2001-05-01,198.9,14.451,1026.542969,35.584,-14.237,114.554,Indian Ocean
2001-05-03,2053.4,2.482,1027.715942,34.73,-14.085,108.888,Indian Ocean
2001-05-03,424.0,21.53,1028.668945,40.67,18.3,39.28,Indian Ocean
2001-05-04,2122.9,2.314,1027.732056,34.733,-15.269,118.473,Indian Ocean
2001-05-05,1498.6,3.612,1027.569946,34.679,-12.906,108.884,Indian Ocean
2001-05-05,2325.8,2.07,1027.744995,34.724,-23.002,107.65,Indian Ocean
2001-05-06,618.2,7.489,1027.055054,34.625,-11.85,111.842,Indian Ocean
2001-05-07,279.1,12.642,1026.155029,34.601,-13.834,120.564,Indian Ocean
2001-05-08,1498.6,3.56,1027.567993,34.67,-16.486,107.892,Indian Ocean
2001-05-08,856.9,5.458,1027.282959,34.573,-21.761,108.49,Indian Ocean
2001-05-08,74.5,25.92,1026.196045,39.15,18.26,39.18,Indian Ocean
2001-05-10,58.2,25.748,1022.835999,34.632,-13.909,114.581,Indian Ocean
2001-05-10,29.1,29.648,1020.771973,33.564,-7.149,102.797,Equatorial Region
2001-05-13,6.0,30.32,1024.004028,38.18,18.23,39.15,Indian Ocean
2001-05-13,379.2,10.731,1026.712036,34.856,-14.32,109.015,Indian Ocean
2001-05-14,2123.6,2.312,1027.734009,34.735,-15.174,118.325,Indian Ocean
2001-05-15,12.7,23.858,1023.765015,35.105,-23.231,107.49,Indian Ocean
2001-05-15,2124.5,2.347,1027.733032,34.737,-13.017,109.038,Indian Ocean
2001-05-16,1797.3,2.952,1027.668945,34.724,-12.019,111.664,Indian Ocean
2001-05-17,398.7,9.868,1026.707031,34.657,-13.819,120.588,Indian Ocean
2001-05-18,398.8,21.55,1028.671021,40.68,18.21,39.12,Indian Ocean
2001-05-18,1496.7,3.469,1027.563965,34.653,-21.817,108.587,Indian Ocean
2001-05-18,457.4,9.306,1026.844971,34.714,-16.346,107.753,Indian Ocean
2001-05-20,1197.3,4.762,1027.484985,34.726,-7.211,102.705,Equatorial Region
2001-05-21,48.4,27.76,1022.281982,34.744,-13.832,114.614,Indian Ocean
2001-05-23,438.9,9.557,1026.831055,34.749,-14.547,109.025,Indian Ocean
2001-05-23,349.4,21.56,1028.661011,40.67,18.16,39.12,Indian Ocean
2001-05-24,1398.3,3.766,1027.540039,34.66,-15.135,118.216,Indian Ocean
2001-05-25,1797.8,2.924,1027.670044,34.722,-13.189,108.982,Indian Ocean
2001-05-25,1797.1,2.705,1027.666992,34.694,-23.573,107.223,Indian Ocean
2001-05-26,139.8,20.917,1024.114014,34.47,-12.063,111.572,Indian Ocean
2001-05-27,2105.9,2.316,1027.723022,34.722,-13.72,120.561,Indian Ocean
2001-05-28,48.8,25.483,1023.11499,34.893,-21.787,108.688,Indian Ocean
2001-05-28,1797.4,2.815,1027.670044,34.71,-16.171,107.617,Indian Ocean
2001-05-28,9.1,29.76,1024.152954,38.12,18.14,39.13,Indian Ocean
2001-05-30,397.5,9.96,1026.831055,34.836,-7.249,102.807,Equatorial Region
2001-05-31,738.3,6.398,1027.880981,35.481,-13.918,114.717,Indian Ocean
2001-06-02,199.8,17.493,1025.329956,34.913,-14.754,109.098,Indian Ocean
2001-06-02,6.0,29.52,1024.347046,38.27,18.08,39.19,Indian Ocean
2001-06-03,88.6,24.645,1023.013,34.422,-15.204,118.224,Indian Ocean
2001-06-04,458.1,10.154,1026.780029,34.813,-23.62,107.083,Indian Ocean
2001-06-04,618.9,7.43,1027.072021,34.636,-13.199,109.0,Indian Ocean
2001-06-05,799.0,6.165,1027.235962,34.626,-12.168,111.499,Indian Ocean
2001-06-06,919.0,5.191,1027.333984,34.598,-13.598,120.568,Indian Ocean
2001-06-07,423.0,21.55,1028.678955,40.69,17.98,39.21,Indian Ocean
2001-06-07,417.6,11.586,1026.694946,35.035,-21.656,108.759,Indian Ocean
2001-06-08,1397.6,3.865,1027.526978,34.656,-16.116,107.43,Indian Ocean
2001-06-09,317.5,10.74,1026.703003,34.846,-7.288,102.881,Equatorial Region
2001-06-10,498.5,8.283,1027.626953,35.504,-14.11,114.874,Indian Ocean
2001-06-12,124.8,22.53,1028.206055,40.44,17.92,39.19,Indian Ocean
2001-06-12,1198.5,4.604,1027.427002,34.63,-14.85,109.162,Indian Ocean
2001-06-13,398.7,9.924,1026.708984,34.672,-15.262,118.203,Indian Ocean
2001-06-14,998.8,4.697,1027.389038,34.595,-24.269,106.668,Indian Ocean
2001-06-14,1998.3,2.536,1027.714966,34.735,-13.251,108.769,Indian Ocean
2001-06-15,179.8,20.702,1024.167969,34.465,-12.206,111.531,Indian Ocean
2001-06-16,1298.7,3.941,1027.496948,34.629,-13.547,120.652,Indian Ocean
2001-06-17,49.3,28.15,1025.005005,38.53,17.91,39.16,Indian Ocean
2001-06-17,138.7,20.54,1024.770996,35.199,-21.478,108.823,Indian Ocean
2001-06-17,238.2,14.261,1026.166992,35.045,-16.123,107.319,Indian Ocean
2001-06-19,1498.1,3.415,1028.321045,35.596,-14.284,115.138,Indian Ocean
2001-06-19,89.2,26.922,1022.638,34.858,-7.243,102.879,Equatorial Region
2001-06-22,248.6,21.62,1028.635986,40.66,17.91,39.12,Indian Ocean
2001-06-22,199.8,17.463,1025.375977,34.963,-14.84,109.252,Indian Ocean
2001-06-23,69.4,27.235,1021.846985,33.941,-15.215,118.237,Indian Ocean
2001-06-24,418.6,10.594,1026.755981,34.881,-24.445,106.494,Indian Ocean
2001-06-24,738.7,6.885,1027.139038,34.625,-13.226,108.592,Indian Ocean
2001-06-25,1197.9,4.428,1027.444946,34.628,-12.118,111.425,Indian Ocean
2001-06-26,478.6,8.625,1026.890015,34.633,-13.662,120.779,Indian Ocean
2001-06-27,737.4,6.615,1027.125977,34.561,-21.557,108.872,Indian Ocean
2001-06-27,348.4,21.56,1028.667969,40.68,17.91,38.99,Indian Ocean
2001-06-27,1597.9,3.27,1027.609985,34.687,-16.16,107.32,Indian Ocean
2001-06-29,258.6,12.308,1026.522949,34.99,-7.245,102.578,Equatorial Region
2001-06-30,318.0,11.855,1027.197021,35.746,-14.299,115.308,Indian Ocean
2001-07-02,1498.4,3.613,1027.562012,34.668,-14.653,109.289,Indian Ocean
2001-07-02,423.0,21.57,1028.672974,40.69,17.93,38.94,Indian Ocean
2001-07-03,259.0,14.124,1025.869995,34.623,-15.205,118.098,Indian Ocean
2001-07-04,219.8,16.213,1025.365967,34.566,-13.099,108.381,Indian Ocean
2001-07-04,1698.7,2.877,1027.64502,34.685,-24.539,106.243,Indian Ocean
2001-07-05,378.8,9.886,1026.737061,34.7,-12.027,111.318,Indian Ocean
2001-07-06,479.1,8.921,1026.850952,34.642,-13.742,120.842,Indian Ocean
2001-07-07,458.6,9.503,1026.832031,34.739,-16.102,107.438,Indian Ocean
2001-07-07,678.0,6.729,1027.07605,34.518,-21.528,108.978,Indian Ocean
2001-07-07,148.9,22.06,1028.417969,40.54,17.95,38.87,Indian Ocean
2001-07-09,89.2,27.019,1022.427979,34.62,-7.156,102.212,Equatorial Region
2001-07-10,48.6,27.411,1022.47699,34.852,-14.07,115.45,Indian Ocean
2001-07-12,499.0,8.662,1026.910034,34.665,-14.469,109.267,Indian Ocean
2001-07-12,74.5,24.07,1027.45105,40.05,17.97,38.8,Indian Ocean
2001-07-13,79.1,26.455,1022.177979,34.052,-15.291,117.85,Indian Ocean
2001-07-14,99.1,20.791,1024.974976,35.556,-24.702,106.08,Indian Ocean
2001-07-14,1998.4,2.598,1027.709961,34.736,-12.953,108.299,Indian Ocean
2001-07-15,738.4,6.15,1027.240967,34.63,-11.941,111.211,Indian Ocean
2001-07-16,2109.3,2.333,1027.723999,34.725,-13.831,120.861,Indian Ocean
2001-07-17,317.5,14.584,1026.378052,35.408,-21.608,109.053,Indian Ocean
2001-07-17,18.6,26.165,1022.184998,33.941,-16.094,107.427,Indian Ocean
2001-07-17,6.0,32.62,1023.328979,38.37,17.99,38.77,Indian Ocean
2001-07-19,218.6,11.768,1026.392944,34.69,-7.083,101.688,Equatorial Region
2001-07-19,417.9,9.219,1027.595947,35.655,-13.82,115.635,Indian Ocean
2001-07-22,259.4,14.159,1026.119019,34.955,-14.373,109.231,Indian Ocean
2001-07-22,583.3,21.59,1028.675049,40.7,17.99,38.72,Indian Ocean
2001-07-23,29.5,26.814,1022.026978,34.001,-15.411,117.729,Indian Ocean
2001-07-23,2.8,18.186,1025.775024,35.715,-31.641,48.726,Indian Ocean
2001-07-24,238.6,16.052,1026.291016,35.721,-24.846,105.793,Indian Ocean
2001-07-24,738.3,6.609,1027.187988,34.639,-12.742,108.174,Indian Ocean
2001-07-25,519.2,12.994,1026.583984,35.244,-31.399,48.037,Indian Ocean
2001-07-25,874.2,9.622,1026.819946,34.749,-30.601,46.698,Indian Ocean
2001-07-25,798.5,6.675,1027.202026,34.668,-12.187,111.064,Indian Ocean
2001-07-26,1398.1,3.617,1027.547974,34.652,-13.838,120.949,Indian Ocean
2001-07-27,158.3,20.734,1024.563965,34.995,-21.843,109.419,Indian Ocean
2001-07-27,1098.2,4.835,1027.396973,34.625,-16.151,107.431,Indian Ocean
2001-07-27,6.0,32.72,1023.172974,38.21,18.03,38.71,Indian Ocean
2001-07-29,417.7,10.238,1026.812988,34.874,-6.936,101.403,Equatorial Region
2001-07-30,198.1,15.804,1026.375,35.756,-13.959,115.681,Indian Ocean
2001-08-01,239.8,15.327,1025.869995,34.961,-14.524,109.244,Indian Ocean
2001-08-01,19.1,31.49,1023.682983,38.3,18.14,38.63,Indian Ocean
2001-08-02,558.7,7.968,1026.998047,34.642,-15.291,117.695,Indian Ocean
2001-08-02,3.0,17.75,1025.881958,35.714,-31.427,49.04,Indian Ocean
2001-08-03,558.9,7.823,1027.015991,34.638,-12.837,107.771,Indian Ocean
2001-08-03,18.9,20.824,1024.771973,35.3,-25.106,105.511,Indian Ocean
2001-08-04,539.5,13.05,1026.57605,35.248,-30.278,46.762,Indian Ocean
2001-08-04,179.6,17.588,1024.994019,34.505,-12.395,110.868,Indian Ocean
2001-08-04,89.0,18.468,1025.720947,35.737,-31.108,48.335,Indian Ocean
2001-08-05,179.8,17.571,1025.017944,34.53,-13.84,121.005,Indian Ocean
2001-08-06,618.5,7.592,1027.045044,34.632,-16.233,107.515,Indian Ocean
2001-08-06,20.1,31.67,1023.723999,38.44,18.28,38.53,Indian Ocean
2001-08-06,397.6,11.832,1026.676025,35.07,-22.065,109.494,Indian Ocean
2001-08-08,1798.5,3.092,1027.672974,34.745,-6.919,101.152,Equatorial Region
2001-08-09,1297.1,3.966,1028.321045,35.667,-14.363,115.526,Indian Ocean
2001-08-11,1898.8,2.782,1027.678955,34.717,-14.636,109.312,Indian Ocean
2001-08-11,49.3,27.51,1025.531982,38.95,18.45,38.35,Indian Ocean
2001-08-12,11.5,26.698,1021.96698,33.873,-15.045,117.687,Indian Ocean
2001-08-12,2.7,18.396,1025.734985,35.732,-31.943,49.04,Indian Ocean
2001-08-13,219.1,17.347,1026.041016,35.793,-25.246,105.301,Indian Ocean
2001-08-13,194.9,13.855,1025.907959,34.599,-12.97,107.349,Indian Ocean
2001-08-14,1298.7,4.241,1027.470947,34.635,-12.309,110.76,Indian Ocean
2001-08-14,109.6,17.771,1025.852051,35.682,-30.943,48.341,Indian Ocean
2001-08-14,9.1,20.449,1025.156006,35.672,-29.872,46.478,Indian Ocean
2001-08-15,459.2,8.748,1026.880005,34.644,-14.042,120.964,Indian Ocean
2001-08-16,457.5,10.634,1026.762939,34.899,-22.257,109.123,Indian Ocean
2001-08-16,438.8,9.849,1026.811035,34.786,-16.134,107.709,Indian Ocean
2001-08-18,1597.7,3.631,1027.619019,34.743,-7.121,101.04,Equatorial Region
2001-08-19,59.0,26.107,1022.880005,34.839,-14.713,115.541,Indian Ocean
2001-08-21,1798.5,2.903,1027.661011,34.708,-14.469,109.461,Indian Ocean
2001-08-21,80.5,24.57,1027.18396,39.9,18.57,38.45,Indian Ocean
2001-08-22,59.3,26.207,1022.171997,33.941,-14.948,117.598,Indian Ocean
2001-08-22,3.0,18.338,1025.737061,35.716,-33.426,48.348,Indian Ocean
2001-08-23,2099.4,2.386,1027.713013,34.717,-25.661,104.838,Indian Ocean
2001-08-23,239.8,14.48,1025.792969,34.621,-13.106,106.958,Indian Ocean
2001-08-24,258.9,15.298,1026.29895,35.509,-30.964,48.233,Indian Ocean
2001-08-24,179.8,18.505,1024.894043,34.668,-12.074,110.828,Indian Ocean
2001-08-24,639.3,11.811,1026.667969,35.054,-29.745,46.315,Indian Ocean
2001-08-25,438.9,8.486,1026.878052,34.59,-13.868,121.085,Indian Ocean
2001-08-25,9.5,22.588,1024.376953,35.427,-27.303,39.035,Indian Ocean
2001-08-26,38.6,22.042,1024.136963,34.907,-22.395,109.09,Indian Ocean
2001-08-26,118.7,24.634,1023.060974,34.481,-15.724,108.02,Indian Ocean
2001-08-26,79.5,24.49,1027.27002,39.98,18.64,38.48,Indian Ocean
2001-08-26,739.2,9.98,1026.801025,34.802,-29.674,34.711,Indian Ocean
2001-08-28,417.9,9.674,1026.828003,34.77,-7.0,100.895,Equatorial Region
2001-08-28,317.1,11.606,1027.390991,35.934,-14.688,115.616,Indian Ocean
2001-08-31,49.3,31.06,1024.128052,38.69,18.73,38.53,Indian Ocean
2001-08-31,439.5,9.158,1026.859985,34.702,-14.314,109.435,Indian Ocean
2001-09-01,11.7,26.199,1022.223999,34.006,-15.053,117.234,Indian Ocean
2001-09-02,739.2,7.031,1027.11499,34.62,-13.015,106.669,Indian Ocean
2001-09-02,169.0,17.496,1025.937012,35.705,-31.091,48.24,Indian Ocean
2001-09-02,458.8,11.065,1026.727051,34.952,-25.994,104.665,Indian Ocean
2001-09-03,499.1,13.005,1026.578979,35.241,-29.721,46.317,Indian Ocean
2001-09-03,2143.1,2.198,1027.748047,34.741,-11.987,110.886,Indian Ocean
2001-09-04,759.2,8.649,1026.899048,34.649,-26.176,39.748,Indian Ocean
2001-09-04,2105.2,2.227,1027.734985,34.727,-13.788,121.061,Indian Ocean
2001-09-05,498.6,21.58,1028.677979,40.7,18.87,38.59,Indian Ocean
2001-09-05,7.7,22.888,1024.328979,35.477,-29.273,34.601,Indian Ocean
2001-09-05,2239.2,2.239,1027.734009,34.727,-15.669,108.129,Indian Ocean
2001-09-05,358.6,13.13,1026.598999,35.299,-22.256,109.124,Indian Ocean
2001-09-07,2207.0,2.28,1027.733032,34.731,-6.971,100.881,Equatorial Region
2001-09-08,69.1,22.803,1024.259033,35.352,-14.094,115.68,Indian Ocean
2001-09-10,1897.7,2.624,1027.697998,34.723,-14.459,109.243,Indian Ocean
2001-09-10,5.0,31.88,1023.835999,38.69,18.99,38.66,Indian Ocean
2001-09-11,69.3,26.071,1022.294006,34.046,-15.405,116.886,Indian Ocean
2001-09-12,1198.1,4.457,1027.411011,34.589,-26.107,104.513,Indian Ocean
2001-09-12,2103.8,2.428,1027.72998,34.742,-12.79,106.448,Indian Ocean
2001-09-13,1999.5,2.581,1027.675049,34.69,-31.161,48.206,Indian Ocean
2001-09-13,924.5,8.244,1026.928955,34.608,-29.654,46.185,Indian Ocean
2001-09-13,1198.7,4.334,1027.464966,34.64,-12.343,110.645,Indian Ocean
2001-09-14,129.2,19.72,1025.322998,35.637,-25.948,40.778,Indian Ocean
2001-09-14,1898.9,2.593,1027.696045,34.718,-13.807,121.125,Indian Ocean
2001-09-15,298.2,15.07,1026.418945,35.599,-22.138,109.042,Indian Ocean
2001-09-15,7.8,20.593,1025.072021,35.612,-29.936,34.203,Indian Ocean
2001-09-15,348.4,21.55,1028.687012,40.7,19.13,38.8,Indian Ocean
2001-09-15,219.1,17.989,1025.598022,35.42,-16.071,108.046,Indian Ocean
2001-09-17,139.0,18.596,1024.708984,34.457,-6.939,100.786,Equatorial Region
2001-09-18,3.2,26.112,1023.059021,35.078,-14.004,115.643,Indian Ocean
2001-09-20,199.3,21.8,1028.53894,40.6,19.21,39.06,Indian Ocean
2001-09-20,619.2,7.246,1027.102051,34.641,-14.684,108.98,Indian Ocean
2001-09-21,89.3,25.89,1022.403015,34.116,-15.659,116.935,Indian Ocean
2001-09-22,319.8,11.088,1026.493042,34.657,-12.605,106.254,Indian Ocean
2001-09-22,13.5,21.059,1024.439941,34.949,-26.102,104.406,Indian Ocean
2001-09-23,799.3,9.527,1026.828979,34.74,-29.486,46.01,Indian Ocean
2001-09-23,1299.0,3.882,1027.350952,34.437,-31.318,48.096,Indian Ocean
2001-09-23,199.7,15.951,1025.371948,34.496,-12.873,110.255,Indian Ocean
2001-09-24,1799.2,2.896,1027.672974,34.722,-26.221,41.074,Indian Ocean
2001-09-24,1297.9,4.01,1027.491943,34.632,-13.778,121.222,Indian Ocean
2001-09-25,397.8,21.58,1028.686035,40.71,19.37,39.17,Indian Ocean
2001-09-25,619.5,11.469,1026.692993,35.004,-30.14,34.03,Indian Ocean
2001-09-25,2264.0,2.212,1027.737061,34.728,-16.44,107.836,Indian Ocean
2001-09-25,68.5,20.912,1024.651978,35.174,-22.234,108.889,Indian Ocean
2001-09-27,12.2,27.875,1021.379028,33.592,-6.663,100.606,Equatorial Region
2001-09-27,618.2,6.739,1028.045044,35.748,-14.574,115.402,Indian Ocean
2001-09-30,399.6,10.784,1026.69397,34.845,-14.821,108.808,Indian Ocean
2001-09-30,74.5,27.66,1025.430054,38.88,19.41,39.33,Indian Ocean
2001-10-01,558.8,7.644,1027.047974,34.645,-15.412,117.276,Indian Ocean
2001-10-02,158.3,20.41,1024.853027,35.261,-25.862,104.638,Indian Ocean
2001-10-02,1298.9,4.031,1027.516968,34.665,-12.638,106.067,Indian Ocean
2001-10-03,519.0,12.179,1026.649048,35.121,-31.628,47.892,Indian Ocean
2001-10-03,2160.6,2.395,1027.732056,34.741,-13.344,109.928,Indian Ocean
2001-10-03,559.0,12.5,1026.621948,35.167,-29.356,45.888,Indian Ocean
2001-10-04,188.9,17.082,1025.954956,35.598,-26.488,41.445,Indian Ocean
2001-10-04,279.8,11.85,1026.35498,34.661,-13.669,121.172,Indian Ocean
2001-10-05,298.3,14.28,1026.363037,35.304,-16.494,107.884,Indian Ocean
2001-10-05,6.0,32.11,1023.664001,38.57,19.39,39.46,Indian Ocean
2001-10-05,7.8,22.24,1024.588013,35.574,-30.349,34.259,Indian Ocean
2001-10-05,48.9,21.42,1024.412964,35.043,-21.847,108.911,Indian Ocean
2001-10-07,497.8,9.041,1026.958008,34.803,-6.384,100.444,Equatorial Region
2001-10-08,678.6,6.34,1028.114014,35.767,-15.287,115.371,Indian Ocean
2001-10-10,369.4,11.989,1026.546021,34.941,-14.759,108.871,Indian Ocean
2001-10-10,5.0,32.14,1023.713013,38.65,19.34,39.54,Indian Ocean
2001-10-11,1198.7,4.402,1027.463013,34.647,-14.948,117.238,Indian Ocean
2001-10-12,418.3,13.265,1026.593994,35.328,-25.711,104.697,Indian Ocean
2001-10-12,1899.0,2.638,1027.708984,34.739,-12.925,106.105,Indian Ocean
2001-10-13,874.2,8.345,1026.92395,34.621,-31.697,47.795,Indian Ocean
2001-10-13,259.5,15.989,1026.172974,35.548,-29.17,45.996,Indian Ocean
2001-10-13,1698.9,3.113,1027.649048,34.717,-13.194,109.914,Indian Ocean
2001-10-14,138.9,19.344,1025.453003,35.679,-26.832,41.193,Indian Ocean
2001-10-14,619.2,7.019,1027.095947,34.593,-13.615,121.106,Indian Ocean
2001-10-15,759.5,9.962,1026.801025,34.798,-30.87,34.758,Indian Ocean
2001-10-15,918.1,5.007,1027.348999,34.589,-21.636,108.774,Indian Ocean
2001-10-15,10.1,30.87,1024.660034,39.31,19.35,39.73,Indian Ocean
2001-10-15,1598.3,3.371,1027.594971,34.68,-16.405,108.082,Indian Ocean
2001-10-17,118.8,21.326,1023.953003,34.404,-6.275,100.511,Equatorial Region
2001-10-18,1097.1,4.491,1028.381958,35.816,-15.38,115.636,Indian Ocean
2001-10-20,799.3,6.173,1027.238037,34.63,-14.469,109.14,Indian Ocean
2001-10-20,39.2,31.18,1024.108032,38.72,19.35,39.82,Indian Ocean
2001-10-21,178.7,19.105,1024.803955,34.75,-14.585,117.089,Indian Ocean
2001-10-22,1698.2,2.874,1027.620972,34.655,-25.361,104.543,Indian Ocean
2001-10-22,2142.7,2.387,1027.733032,34.742,-13.318,106.142,Indian Ocean
2001-10-23,519.0,12.206,1026.646973,35.125,-29.13,46.353,Indian Ocean
2001-10-23,948.9,7.178,1027.015991,34.52,-31.741,47.855,Indian Ocean
2001-10-23,259.6,13.313,1026.265991,34.917,-12.891,109.798,Indian Ocean
2001-10-24,799.0,5.908,1027.241943,34.592,-13.603,120.99,Indian Ocean
2001-10-24,719.4,10.202,1026.770996,34.812,-27.834,40.824,Indian Ocean
2001-10-25,49.3,30.8,1024.843018,39.52,19.32,39.79,Indian Ocean
2001-10-25,1399.3,4.321,1027.422974,34.586,-31.09,34.887,Indian Ocean
2001-10-25,179.2,20.015,1024.688965,34.908,-16.26,108.162,Indian Ocean
2001-10-25,8.7,21.81,1024.234985,34.951,-21.355,108.819,Indian Ocean
2001-10-27,737.4,7.587,1027.154053,34.769,-6.525,100.706,Equatorial Region
2001-10-28,135.0,15.57,1025.56897,34.64,-5.017,91.033,Equatorial Region
2001-10-28,1963.0,2.73,1027.702026,34.74,-4.966,93.157,Equatorial Region
2001-10-28,860.0,6.91,1027.297974,34.83,-5.032,95.078,Equatorial Region
2001-10-28,278.6,11.807,1027.465942,36.08,-15.091,115.697,Indian Ocean
2001-10-29,379.2,11.994,1026.885986,35.38,10.0,60.3,Arabian Sea
2001-10-30,39.2,31.35,1024.197998,38.92,19.33,39.76,Indian Ocean
2001-10-30,1498.6,3.323,1027.598022,34.678,-14.197,109.269,Indian Ocean
2001-10-31,2127.5,2.25,1027.75,34.749,-14.886,117.181,Indian Ocean
2001-11-01,2143.7,2.389,1027.732056,34.741,-13.335,105.991,Indian Ocean
2001-11-01,38.7,20.319,1024.91394,35.309,-24.823,104.401,Indian Ocean
2001-11-02,737.7,7.276,1027.224976,34.803,-4.302,90.173,Equatorial Region
2001-11-02,29.2,28.26,1022.999023,35.914,1.5,58.0,Equatorial Region
2001-11-02,356.9,10.377,1026.795044,34.882,-5.279,90.052,Equatorial Region
2001-11-02,246.9,12.229,1026.369995,34.774,-12.936,109.699,Indian Ocean
2001-11-02,779.4,9.651,1026.822998,34.759,-29.43,46.697,Indian Ocean
2001-11-02,1399.3,3.556,1027.401978,34.461,-31.774,47.866,Indian Ocean
2001-11-03,299.3,15.328,1026.269043,35.479,-28.57,41.05,Indian Ocean
2001-11-03,299.5,12.032,1026.352051,34.702,-13.386,121.053,Indian Ocean
2001-11-04,69.2,20.695,1025.036987,35.603,-31.343,34.803,Indian Ocean
2001-11-04,19.1,21.77,1024.295044,35.015,-21.263,108.953,Indian Ocean
2001-11-04,223.5,21.71,1028.594971,40.64,19.31,39.77,Indian Ocean
2001-11-04,59.2,24.453,1023.109009,34.472,-16.097,108.2,Indian Ocean
2001-11-06,457.3,8.436,1027.859985,35.831,-14.781,115.575,Indian Ocean
2001-11-06,49.5,28.582,1021.307007,33.804,-6.783,100.689,Equatorial Region
2001-11-07,119.0,21.31,1025.041992,35.83,9.77,60.432,Equatorial Region
2001-11-07,1378.0,4.49,1027.551025,34.77,-5.186,95.295,Equatorial Region
2001-11-07,904.0,6.59,1027.310059,34.79,-4.83,93.577,Equatorial Region
2001-11-07,1137.0,5.4,1027.453979,34.78,-4.775,91.268,Equatorial Region
2001-11-09,359.2,11.14,1026.866943,35.15,7.428,63.488,Equatorial Region
2001-11-09,1698.1,2.941,1027.655029,34.705,-14.371,109.458,Indian Ocean
2001-11-09,29.2,30.62,1024.71106,39.26,19.29,39.77,Indian Ocean
2001-11-10,12.1,27.485,1022.030029,34.29,-15.163,117.142,Indian Ocean
2001-11-11,338.5,14.24,1026.505981,35.478,-24.537,104.499,Indian Ocean
2001-11-11,1399.2,3.694,1027.56897,34.687,-12.899,105.866,Indian Ocean
2001-11-12,779.1,9.666,1026.821045,34.76,-31.911,47.98,Indian Ocean
2001-11-12,859.3,5.537,1027.317993,34.63,-13.231,109.513,Indian Ocean
2001-11-12,1503.2,3.972,1027.593994,34.755,-5.143,90.351,Equatorial Region
2001-11-12,824.2,9.263,1026.854004,34.717,-29.39,47.409,Indian Ocean
2001-11-12,1496.8,3.918,1027.619995,34.78,-3.938,90.399,Equatorial Region
2001-11-13,1798.0,2.698,1027.682983,34.713,-13.323,121.077,Indian Ocean
2001-11-13,779.3,9.031,1026.855957,34.671,-28.45,41.295,Indian Ocean
2001-11-14,799.4,9.209,1026.855957,34.708,-31.367,34.812,Indian Ocean
2001-11-14,79.1,23.468,1023.531982,34.647,-16.247,108.164,Indian Ocean
2001-11-14,1197.4,3.937,1027.490967,34.621,-21.428,109.047,Indian Ocean
2001-11-16,498.8,9.081,1026.947021,34.797,-7.153,100.672,Equatorial Region
2001-11-17,1218.0,4.93,1027.500977,34.77,-5.162,95.584,Equatorial Region
2001-11-17,102.0,19.31,1024.697998,34.68,-5.038,93.922,Equatorial Region
2001-11-17,1.0,28.38,1021.80603,34.38,-4.819,91.645,Equatorial Region
2001-11-17,1844.3,2.595,1028.709961,35.986,-14.748,115.633,Indian Ocean
2001-11-17,19.4,28.539,1023.302979,36.441,9.497,60.648,Equatorial Region
2001-11-19,139.3,15.243,1026.072021,35.198,7.26,63.287,Equatorial Region
2001-11-19,223.5,21.68,1028.610962,40.65,19.2,39.7,Indian Ocean
2001-11-19,1898.5,2.66,1023.921997,30.0,-14.642,109.489,Indian Ocean
2001-11-20,109.7,15.765,1026.025024,35.29,5.286,59.843,Equatorial Region
2001-11-20,158.3,19.27,1024.72998,34.708,-15.207,117.425,Indian Ocean
2001-11-21,2140.1,2.255,1027.744019,34.742,-12.431,105.673,Indian Ocean
2001-11-21,1497.2,3.222,1027.57605,34.638,-24.49,104.647,Indian Ocean
2001-11-22,149.5,14.833,1026.177979,35.218,-0.888,59.369,Equatorial Region
2001-11-22,799.8,5.91,1027.276978,34.637,-13.631,109.355,Indian Ocean
2001-11-22,456.6,9.918,1026.920044,34.941,-3.804,90.795,Equatorial Region
2001-11-22,179.3,13.498,1026.416992,35.161,1.279,59.772,Equatorial Region
2001-11-22,1699.1,2.899,1027.589966,34.619,-29.739,47.885,Indian Ocean
2001-11-22,116.4,18.604,1025.077026,34.94,-5.02,90.674,Equatorial Region
2001-11-22,579.1,11.498,1026.697998,35.018,-31.999,47.943,Indian Ocean
2001-11-23,559.9,7.467,1027.026978,34.586,-13.318,121.2,Indian Ocean
2001-11-23,319.0,15.566,1026.218018,35.482,-28.395,42.301,Indian Ocean
2001-11-24,1297.0,3.813,1027.509033,34.627,-21.812,109.128,Indian Ocean
2001-11-24,639.5,11.316,1026.702026,34.979,-31.274,34.569,Indian Ocean
2001-11-25,2421.8,2.034,1027.75,34.727,-16.355,108.392,Indian Ocean
2001-11-26,1998.8,2.655,1027.706055,34.737,-6.979,101.078,Equatorial Region
2001-11-27,244.0,12.27,1026.514038,34.97,-5.122,95.716,Equatorial Region
2001-11-27,1347.0,4.57,1027.557983,34.79,-4.886,94.397,Equatorial Region
2001-11-27,119.2,21.683,1024.94397,35.837,9.313,60.849,Equatorial Region
2001-11-27,66.0,26.79,1023.111023,35.43,-4.867,92.057,Equatorial Region
2001-11-27,357.7,10.462,1027.671021,36.024,-14.767,115.499,Indian Ocean
2001-11-29,69.6,25.86,1024.072998,36.317,7.147,63.003,Equatorial Region
2001-11-29,858.9,5.858,1027.274048,34.624,-14.689,109.571,Indian Ocean
2001-11-29,74.5,27.94,1025.489014,39.08,19.08,39.61,Indian Ocean
2001-11-30,739.3,9.401,1027.217041,35.21,5.556,59.597,Equatorial Region
2001-11-30,358.2,11.749,1026.625977,34.985,-15.094,117.265,Indian Ocean
2001-12-01,29.2,28.317,1022.882019,35.783,1.473,60.534,Equatorial Region
2001-12-01,479.0,10.642,1026.755005,34.89,-24.765,104.52,Indian Ocean
2001-12-01,1253.8,3.951,1027.529053,34.67,-12.379,105.747,Indian Ocean
2001-12-02,436.2,9.853,1026.878052,34.873,-4.848,90.764,Equatorial Region
2001-12-02,1096.8,5.897,1027.444946,34.847,-3.825,90.981,Equatorial Region
2001-12-02,178.8,16.031,1026.171997,35.559,-32.111,47.786,Indian Ocean
2001-12-02,9.2,22.811,1024.467041,35.629,-29.798,48.354,Indian Ocean
2001-12-02,419.4,9.957,1026.948975,34.986,-0.684,60.117,Equatorial Region
2001-12-02,2165.6,2.286,1027.739014,34.738,-13.803,109.222,Indian Ocean
2001-12-03,1998.3,2.428,1024.094971,30.195,-13.548,121.177,Indian Ocean
2001-12-04,149.2,17.875,1025.812988,35.665,-31.525,35.122,Indian Ocean
2001-12-04,174.1,21.99,1028.446045,40.55,19.1,39.58,Indian Ocean
2001-12-04,477.4,9.958,1026.796021,34.79,-22.144,109.037,Indian Ocean
2001-12-05,1098.6,4.731,1027.416016,34.634,-16.301,108.583,Indian Ocean
2001-12-06,79.0,21.829,1024.786011,35.682,-14.537,115.461,Indian Ocean
2001-12-06,2209.0,2.332,1027.727051,34.728,-7.006,101.224,Equatorial Region
2001-12-07,159.0,19.14,1024.817993,34.78,-5.06,96.041,Equatorial Region
2001-12-07,19.0,28.5,1021.646973,34.22,-6.352,96.497,Equatorial Region
2001-12-07,177.0,15.75,1025.689941,34.85,-4.839,94.978,Equatorial Region
2001-12-07,1598.8,4.303,1027.66394,34.887,9.309,60.992,Equatorial Region
2001-12-09,579.2,10.122,1027.130981,35.255,7.089,62.598,Equatorial Region
2001-12-09,6.0,29.64,1024.937988,39.11,19.15,39.52,Indian Ocean
2001-12-09,1099.0,4.776,1027.401001,34.621,-14.336,109.76,Indian Ocean
2001-12-10,259.6,11.588,1026.754028,35.111,5.685,59.218,Equatorial Region
2001-12-10,258.3,15.016,1026.055054,35.111,-15.142,116.868,Indian Ocean
2001-12-11,418.8,13.362,1026.552979,35.301,-32.28,47.694,Indian Ocean
2001-12-11,1631.1,3.08,1027.661011,34.729,-12.566,106.128,Indian Ocean
2001-12-11,2315.6,2.123,1027.744019,34.728,-24.657,104.373,Indian Ocean
2001-12-12,149.6,15.084,1026.112061,35.204,-0.866,60.611,Equatorial Region
2001-12-12,1399.2,5.013,1027.588989,34.893,1.286,60.819,Equatorial Region
2001-12-12,699.3,1.847,1027.754028,34.713,-52.474,21.296,Indian Ocean
2001-12-12,2172.2,2.288,1027.739014,34.739,-13.512,109.315,Indian Ocean
2001-12-12,196.0,13.127,1026.303955,34.918,-4.848,90.807,Equatorial Region
2001-12-12,176.6,14.264,1025.977051,34.8,-3.951,91.03,Equatorial Region
2001-12-12,1399.1,3.729,1027.395996,34.475,-29.948,48.561,Indian Ocean
2001-12-12,699.0,2.494,1027.530029,34.499,-49.372,21.346,Indian Ocean
2001-12-12,6.6,2.326,1027.051025,33.883,-50.713,21.296,Indian Ocean
2001-12-13,199.3,12.757,1026.574951,35.171,5.139,63.844,Equatorial Region
2001-12-13,59.3,23.96,1024.026001,35.49,0.09,63.84,Equatorial Region
2001-12-13,1599.0,3.217,1027.610962,34.682,-13.508,121.164,Indian Ocean
2001-12-14,899.3,8.712,1026.901001,34.664,-31.667,35.342,Indian Ocean
2001-12-14,149.0,22.61,1028.250977,40.53,19.21,39.39,Indian Ocean
2001-12-14,1697.6,2.885,1027.646973,34.688,-22.494,108.948,Indian Ocean
2001-12-14,19.8,26.104,1022.468994,34.292,-16.307,108.707,Indian Ocean
2001-12-16,29.3,28.926,1021.596008,34.341,-7.144,101.349,Equatorial Region
2001-12-17,988.0,6.11,1027.373047,34.79,-4.667,95.519,Equatorial Region
2001-12-17,663.0,8.13,1027.10498,34.81,-6.311,96.338,Equatorial Region
2001-12-17,883.0,6.61,1027.307007,34.79,-4.904,96.292,Equatorial Region
2001-12-17,149.2,15.92,1026.041016,35.356,9.05,61.171,Equatorial Region
2001-12-17,318.8,10.988,1027.620972,36.082,-14.245,115.385,Indian Ocean
2001-12-18,79.6,24.836,1024.223022,36.098,20.219,63.909,Arabian Sea
2001-12-18,1999.3,3.068,1027.745972,34.834,13.925,64.27,Arabian Sea
2001-12-18,248.8,12.448,1026.630981,35.165,5.023,63.625,Equatorial Region
2001-12-18,223.3,12.99,1026.473022,35.1,-0.34,63.65,Equatorial Region
2001-12-19,324.2,21.6,1028.656982,40.68,19.24,39.33,Indian Ocean
2001-12-19,109.4,15.396,1026.051025,35.215,6.857,62.363,Equatorial Region
2001-12-19,605.9,7.691,1027.027954,34.628,-13.923,109.863,Indian Ocean
2001-12-19,119.1,20.761,1025.302979,35.975,16.962,67.011,Arabian Sea
2001-12-19,479.4,2.423,1027.465942,34.412,-50.128,21.693,Indian Ocean
2001-12-19,269.1,2.678,1027.198975,34.105,-48.534,22.427,Indian Ocean
2001-12-19,719.5,10.598,1027.279053,35.552,17.042,60.746,Arabian Sea
2001-12-19,209.0,0.295,1027.511963,34.283,-52.495,21.709,Indian Ocean
2001-12-20,338.2,11.844,1026.609985,34.988,-15.279,116.685,Indian Ocean
2001-12-20,79.5,18.011,1025.555054,35.372,5.785,59.092,Equatorial Region
2001-12-21,858.6,4.941,1027.281982,34.495,-24.606,104.214,Indian Ocean
2001-12-22,1096.9,5.751,1027.452026,34.833,-4.118,91.216,Equatorial Region
2001-12-22,9.6,24.173,1024.035034,35.585,-29.698,48.951,Indian Ocean
2001-12-22,2008.8,2.603,1027.671997,34.688,-32.388,47.396,Indian Ocean
2001-12-22,1799.2,3.243,1027.704956,34.803,1.129,61.607,Equatorial Region
2001-12-22,1145.7,5.27,1027.468018,34.778,-4.984,91.157,Equatorial Region
2001-12-22,2162.6,2.219,1027.744995,34.739,-13.259,109.347,Indian Ocean
2001-12-22,359.2,10.844,1026.802002,34.997,-0.97,60.764,Equatorial Region
2001-12-23,348.2,10.46,1026.848999,34.97,-0.53,63.64,Equatorial Region
2001-12-23,399.3,10.826,1026.884033,35.098,4.91,63.375,Equatorial Region
2001-12-23,1898.6,2.509,1027.707031,34.722,-13.321,121.238,Indian Ocean
2001-12-24,650.0,21.54,1028.688965,40.7,19.36,39.2,Indian Ocean
2001-12-24,2001.7,2.866,1027.670044,34.715,-31.642,35.705,Indian Ocean
2001-12-24,238.1,18.016,1025.852051,35.761,-22.604,108.899,Indian Ocean
2001-12-25,53.2,25.959,1022.518982,34.299,-16.499,108.654,Indian Ocean
2001-12-26,78.7,28.398,1022.138,34.83,-7.117,101.357,Equatorial Region
2001-12-26,229.2,1.383,1027.235962,34.025,-49.804,22.218,Indian Ocean
2001-12-26,99.1,0.999,1027.363037,34.151,-52.413,22.142,Indian Ocean
2001-12-26,129.0,2.627,1027.027954,33.886,-47.707,24.129,Indian Ocean
2001-12-27,1798.9,2.68,1028.774048,36.075,-14.171,115.135,Indian Ocean
2001-12-27,1823.0,2.89,1027.696045,34.75,-5.125,96.446,Equatorial Region
2001-12-27,83.0,28.2,1022.692017,35.48,-4.808,95.683,Equatorial Region
2001-12-27,278.7,12.316,1026.758057,35.295,8.713,61.184,Equatorial Region
2001-12-27,1646.0,3.38,1027.641968,34.74,-6.41,96.02,Equatorial Region
2001-12-28,189.2,17.152,1026.07605,35.778,20.168,63.843,Arabian Sea
2001-12-28,1999.8,3.068,1027.749023,34.837,14.011,64.549,Arabian Sea
2001-12-28,298.9,11.61,1026.709961,35.06,-0.39,63.72,Equatorial Region
2001-12-28,824.2,8.487,1027.290039,35.115,4.754,63.104,Equatorial Region
2001-12-29,478.9,12.604,1027.004028,35.685,16.947,67.049,Arabian Sea
2001-12-29,1698.8,2.917,1027.660034,34.708,-13.923,109.867,Indian Ocean
2001-12-29,74.5,28.69,1025.728027,39.73,19.39,39.08,Indian Ocean
2001-12-29,1499.2,5.034,1027.670044,34.998,17.106,60.576,Arabian Sea
2001-12-30,338.1,11.689,1026.603027,34.941,-15.456,116.884,Indian Ocean
2001-12-31,318.6,14.058,1026.516968,35.442,-24.567,104.11,Indian Ocean
2001-12-31,9.3,27.865,1023.031982,35.786,5.919,58.815,Equatorial Region
